id,firstname,lastname,email,email2,profession
100,Susan,Keily,Susan.Keily@yopmail.com,Susan.Keily@gmail.com,developer
101,Antonietta,Secrest,Antonietta.Secrest@yopmail.com,Antonietta.Secrest@gmail.com,police officer
102,Marika,Karl,Marika.Karl@yopmail.com,Marika.Karl@gmail.com,developer
103,Althea,Eldrid,Althea.Eldrid@yopmail.com,Althea.Eldrid@gmail.com,developer
104,Carree,Gwenore,Carree.Gwenore@yopmail.com,Carree.Gwenore@gmail.com,worker
105,Cissiee,Amethist,Cissiee.Amethist@yopmail.com,Cissiee.Amethist@gmail.com,firefighter
106,Paola,Emerson,Paola.Emerson@yopmail.com,Paola.Emerson@gmail.com,police officer
107,Edith,Ciro,Edith.Ciro@yopmail.com,Edith.Ciro@gmail.com,firefighter
108,Ginnie,Tengdin,Ginnie.Tengdin@yopmail.com,Ginnie.Tengdin@gmail.com,doctor
109,Wileen,Maryanne,Wileen.Maryanne@yopmail.com,Wileen.Maryanne@gmail.com,developer
110,Pamella,Mauer,Pamella.Mauer@yopmail.com,Pamella.Mauer@gmail.com,worker
111,Maisey,Weide,Maisey.Weide@yopmail.com,Maisey.Weide@gmail.com,doctor
112,Shel,Gherardo,Shel.Gherardo@yopmail.com,Shel.Gherardo@gmail.com,doctor
113,Harmonia,Margarete,Harmonia.Margarete@yopmail.com,Harmonia.Margarete@gmail.com,firefighter
114,Fredericka,Natica,Fredericka.Natica@yopmail.com,Fredericka.Natica@gmail.com,developer
115,Shandie,Hailee,Shandie.Hailee@yopmail.com,Shandie.Hailee@gmail.com,police officer
116,Romona,Ricki,Romona.Ricki@yopmail.com,Romona.Ricki@gmail.com,developer
117,Viviene,My,Viviene.My@yopmail.com,Viviene.My@gmail.com,doctor
118,Wilma,Emmaline,Wilma.Emmaline@yopmail.com,Wilma.Emmaline@gmail.com,doctor
119,Constance,Naor,Constance.Naor@yopmail.com,Constance.Naor@gmail.com,doctor
120,Frank,Aaberg,Frank.Aaberg@yopmail.com,Frank.Aaberg@gmail.com,developer
121,Judy,Yam,Judy.Yam@yopmail.com,Judy.Yam@gmail.com,worker
122,Pierette,Ambrosia,Pierette.Ambrosia@yopmail.com,Pierette.Ambrosia@gmail.com,firefighter
123,Shel,Hieronymus,Shel.Hieronymus@yopmail.com,Shel.Hieronymus@gmail.com,police officer
124,Libbie,Bouchard,Libbie.Bouchard@yopmail.com,Libbie.Bouchard@gmail.com,developer
125,Trixi,Emanuel,Trixi.Emanuel@yopmail.com,Trixi.Emanuel@gmail.com,worker
126,Liana,Loleta,Liana.Loleta@yopmail.com,Liana.Loleta@gmail.com,developer
127,Clarice,Dimitris,Clarice.Dimitris@yopmail.com,Clarice.Dimitris@gmail.com,worker
128,Millie,Helve,Millie.Helve@yopmail.com,Millie.Helve@gmail.com,police officer
129,Linet,Nester,Linet.Nester@yopmail.com,Linet.Nester@gmail.com,police officer
130,Nicoli,Waldron,Nicoli.Waldron@yopmail.com,Nicoli.Waldron@gmail.com,worker
131,Kimmy,Payson,Kimmy.Payson@yopmail.com,Kimmy.Payson@gmail.com,worker
132,Fidelia,Rolf,Fidelia.Rolf@yopmail.com,Fidelia.Rolf@gmail.com,police officer
133,Roxane,Annice,Roxane.Annice@yopmail.com,Roxane.Annice@gmail.com,developer
134,Dania,Waite,Dania.Waite@yopmail.com,Dania.Waite@gmail.com,worker
135,Madeleine,Arvo,Madeleine.Arvo@yopmail.com,Madeleine.Arvo@gmail.com,doctor
136,Nonnah,Stephie,Nonnah.Stephie@yopmail.com,Nonnah.Stephie@gmail.com,doctor
137,Deirdre,Wind,Deirdre.Wind@yopmail.com,Deirdre.Wind@gmail.com,developer
138,Mureil,Albertine,Mureil.Albertine@yopmail.com,Mureil.Albertine@gmail.com,developer
139,Janeczka,Shelba,Janeczka.Shelba@yopmail.com,Janeczka.Shelba@gmail.com,worker
140,Korrie,Riva,Korrie.Riva@yopmail.com,Korrie.Riva@gmail.com,worker
141,Trudie,Desai,Trudie.Desai@yopmail.com,Trudie.Desai@gmail.com,police officer
142,Glynnis,Loeb,Glynnis.Loeb@yopmail.com,Glynnis.Loeb@gmail.com,developer
143,Steffane,Carlson,Steffane.Carlson@yopmail.com,Steffane.Carlson@gmail.com,developer
144,Quintina,Pacorro,Quintina.Pacorro@yopmail.com,Quintina.Pacorro@gmail.com,firefighter
145,Jaime,Gilbertson,Jaime.Gilbertson@yopmail.com,Jaime.Gilbertson@gmail.com,police officer
146,Roz,Narton,Roz.Narton@yopmail.com,Roz.Narton@gmail.com,doctor
147,Joeann,Schonfeld,Joeann.Schonfeld@yopmail.com,Joeann.Schonfeld@gmail.com,developer
148,Meg,Lea,Meg.Lea@yopmail.com,Meg.Lea@gmail.com,doctor
149,Edyth,Dermott,Edyth.Dermott@yopmail.com,Edyth.Dermott@gmail.com,doctor
150,Nelle,Jillane,Nelle.Jillane@yopmail.com,Nelle.Jillane@gmail.com,police officer
151,Perry,Pozzy,Perry.Pozzy@yopmail.com,Perry.Pozzy@gmail.com,doctor
152,Emelina,Hachmin,Emelina.Hachmin@yopmail.com,Emelina.Hachmin@gmail.com,police officer
153,Dorene,Byrne,Dorene.Byrne@yopmail.com,Dorene.Byrne@gmail.com,worker
154,Frank,Tufts,Frank.Tufts@yopmail.com,Frank.Tufts@gmail.com,police officer
155,Camile,Land,Camile.Land@yopmail.com,Camile.Land@gmail.com,worker
156,Dode,Thema,Dode.Thema@yopmail.com,Dode.Thema@gmail.com,developer
157,Dagmar,Narton,Dagmar.Narton@yopmail.com,Dagmar.Narton@gmail.com,worker
158,Gertrud,Devlen,Gertrud.Devlen@yopmail.com,Gertrud.Devlen@gmail.com,firefighter
159,Ethel,Shaver,Ethel.Shaver@yopmail.com,Ethel.Shaver@gmail.com,firefighter
160,Mildrid,Lail,Mildrid.Lail@yopmail.com,Mildrid.Lail@gmail.com,police officer
161,Chrystel,Marijo,Chrystel.Marijo@yopmail.com,Chrystel.Marijo@gmail.com,firefighter
162,Kelly,Felizio,Kelly.Felizio@yopmail.com,Kelly.Felizio@gmail.com,developer
163,Halette,Kauppi,Halette.Kauppi@yopmail.com,Halette.Kauppi@gmail.com,firefighter
164,Brana,Greyson,Brana.Greyson@yopmail.com,Brana.Greyson@gmail.com,doctor
165,Lindie,Lumbard,Lindie.Lumbard@yopmail.com,Lindie.Lumbard@gmail.com,worker
166,Orsola,Bury,Orsola.Bury@yopmail.com,Orsola.Bury@gmail.com,worker
167,Melodie,Alexandr,Melodie.Alexandr@yopmail.com,Melodie.Alexandr@gmail.com,worker
168,Amii,Leler,Amii.Leler@yopmail.com,Amii.Leler@gmail.com,doctor
169,Hope,Brittani,Hope.Brittani@yopmail.com,Hope.Brittani@gmail.com,doctor
170,Sean,Wesle,Sean.Wesle@yopmail.com,Sean.Wesle@gmail.com,developer
171,Bertine,Masao,Bertine.Masao@yopmail.com,Bertine.Masao@gmail.com,doctor
172,Marguerite,Eben,Marguerite.Eben@yopmail.com,Marguerite.Eben@gmail.com,police officer
173,Lanae,Juliet,Lanae.Juliet@yopmail.com,Lanae.Juliet@gmail.com,doctor
174,Rhea,Bonucci,Rhea.Bonucci@yopmail.com,Rhea.Bonucci@gmail.com,worker
175,Deloria,Erb,Deloria.Erb@yopmail.com,Deloria.Erb@gmail.com,police officer
176,Melanie,Hailee,Melanie.Hailee@yopmail.com,Melanie.Hailee@gmail.com,developer
177,Meg,Letsou,Meg.Letsou@yopmail.com,Meg.Letsou@gmail.com,firefighter
178,Adele,Merriott,Adele.Merriott@yopmail.com,Adele.Merriott@gmail.com,developer
179,Millie,Ariella,Millie.Ariella@yopmail.com,Millie.Ariella@gmail.com,doctor
180,Arlena,Hubert,Arlena.Hubert@yopmail.com,Arlena.Hubert@gmail.com,firefighter
181,Arabel,Egbert,Arabel.Egbert@yopmail.com,Arabel.Egbert@gmail.com,developer
182,Steffane,Brady,Steffane.Brady@yopmail.com,Steffane.Brady@gmail.com,worker
183,Viki,Bivins,Viki.Bivins@yopmail.com,Viki.Bivins@gmail.com,worker
184,Gwenneth,Keelia,Gwenneth.Keelia@yopmail.com,Gwenneth.Keelia@gmail.com,doctor
185,Beverley,Rheingold,Beverley.Rheingold@yopmail.com,Beverley.Rheingold@gmail.com,police officer
186,Marleah,Levey,Marleah.Levey@yopmail.com,Marleah.Levey@gmail.com,firefighter
187,Marylou,Desai,Marylou.Desai@yopmail.com,Marylou.Desai@gmail.com,developer
188,Stephanie,Lacombe,Stephanie.Lacombe@yopmail.com,Stephanie.Lacombe@gmail.com,police officer
189,Alex,Zaslow,Alex.Zaslow@yopmail.com,Alex.Zaslow@gmail.com,firefighter
190,Emma,Smitt,Emma.Smitt@yopmail.com,Emma.Smitt@gmail.com,developer
191,Charmaine,Demitria,Charmaine.Demitria@yopmail.com,Charmaine.Demitria@gmail.com,police officer
192,Sissy,Hourigan,Sissy.Hourigan@yopmail.com,Sissy.Hourigan@gmail.com,doctor
193,Lusa,Saint,Lusa.Saint@yopmail.com,Lusa.Saint@gmail.com,firefighter
194,Keelia,Tayib,Keelia.Tayib@yopmail.com,Keelia.Tayib@gmail.com,doctor
195,Kate,Teddman,Kate.Teddman@yopmail.com,Kate.Teddman@gmail.com,worker
196,Cassandra,Fink,Cassandra.Fink@yopmail.com,Cassandra.Fink@gmail.com,doctor
197,Iseabal,Olin,Iseabal.Olin@yopmail.com,Iseabal.Olin@gmail.com,doctor
198,Roberta,Toor,Roberta.Toor@yopmail.com,Roberta.Toor@gmail.com,developer
199,Michaelina,Hillel,Michaelina.Hillel@yopmail.com,Michaelina.Hillel@gmail.com,developer
200,Darlleen,Magdalen,Darlleen.Magdalen@yopmail.com,Darlleen.Magdalen@gmail.com,worker
201,Ariela,Artie,Ariela.Artie@yopmail.com,Ariela.Artie@gmail.com,firefighter
202,Gavrielle,Ingra,Gavrielle.Ingra@yopmail.com,Gavrielle.Ingra@gmail.com,firefighter
203,Viki,Kesley,Viki.Kesley@yopmail.com,Viki.Kesley@gmail.com,firefighter
204,Edith,Brittani,Edith.Brittani@yopmail.com,Edith.Brittani@gmail.com,doctor
205,Katuscha,Rudolph,Katuscha.Rudolph@yopmail.com,Katuscha.Rudolph@gmail.com,doctor
206,Maurene,Markman,Maurene.Markman@yopmail.com,Maurene.Markman@gmail.com,firefighter
207,Melanie,Bonilla,Melanie.Bonilla@yopmail.com,Melanie.Bonilla@gmail.com,worker
208,Carly,Drus,Carly.Drus@yopmail.com,Carly.Drus@gmail.com,doctor
209,Blake,Danby,Blake.Danby@yopmail.com,Blake.Danby@gmail.com,doctor
210,Melanie,Remmer,Melanie.Remmer@yopmail.com,Melanie.Remmer@gmail.com,firefighter
211,Loree,Sothena,Loree.Sothena@yopmail.com,Loree.Sothena@gmail.com,police officer
212,Maye,Firmin,Maye.Firmin@yopmail.com,Maye.Firmin@gmail.com,police officer
213,Zsa Zsa,Bluh,Zsa Zsa.Bluh@yopmail.com,Zsa Zsa.Bluh@gmail.com,doctor
214,Charlena,Gaal,Charlena.Gaal@yopmail.com,Charlena.Gaal@gmail.com,firefighter
215,Laurene,Papageno,Laurene.Papageno@yopmail.com,Laurene.Papageno@gmail.com,police officer
216,Viki,Anton,Viki.Anton@yopmail.com,Viki.Anton@gmail.com,doctor
217,Benita,Cookie,Benita.Cookie@yopmail.com,Benita.Cookie@gmail.com,firefighter
218,Kimberley,Carlson,Kimberley.Carlson@yopmail.com,Kimberley.Carlson@gmail.com,developer
219,Lindie,Goddard,Lindie.Goddard@yopmail.com,Lindie.Goddard@gmail.com,developer
220,Frank,Voletta,Frank.Voletta@yopmail.com,Frank.Voletta@gmail.com,developer
221,Marnia,Pond,Marnia.Pond@yopmail.com,Marnia.Pond@gmail.com,developer
222,Valeda,Hunfredo,Valeda.Hunfredo@yopmail.com,Valeda.Hunfredo@gmail.com,police officer
223,Susette,Lilas,Susette.Lilas@yopmail.com,Susette.Lilas@gmail.com,developer
224,Elena,Trinetta,Elena.Trinetta@yopmail.com,Elena.Trinetta@gmail.com,firefighter
225,Dode,Fulmer,Dode.Fulmer@yopmail.com,Dode.Fulmer@gmail.com,police officer
226,Dorothy,Waldron,Dorothy.Waldron@yopmail.com,Dorothy.Waldron@gmail.com,developer
227,Beatriz,Ackerley,Beatriz.Ackerley@yopmail.com,Beatriz.Ackerley@gmail.com,doctor
228,Eadie,Adore,Eadie.Adore@yopmail.com,Eadie.Adore@gmail.com,firefighter
229,Britni,Leonard,Britni.Leonard@yopmail.com,Britni.Leonard@gmail.com,police officer
230,Nananne,Tillford,Nananne.Tillford@yopmail.com,Nananne.Tillford@gmail.com,police officer
231,Jaime,Sothena,Jaime.Sothena@yopmail.com,Jaime.Sothena@gmail.com,firefighter
232,Stacey,Philipp,Stacey.Philipp@yopmail.com,Stacey.Philipp@gmail.com,worker
233,Christal,Yorick,Christal.Yorick@yopmail.com,Christal.Yorick@gmail.com,developer
234,Miquela,Martsen,Miquela.Martsen@yopmail.com,Miquela.Martsen@gmail.com,developer
235,Mignon,Egbert,Mignon.Egbert@yopmail.com,Mignon.Egbert@gmail.com,police officer
236,Collen,Imelida,Collen.Imelida@yopmail.com,Collen.Imelida@gmail.com,developer
237,Merle,Guthrie,Merle.Guthrie@yopmail.com,Merle.Guthrie@gmail.com,police officer
238,Jackie,Carbo,Jackie.Carbo@yopmail.com,Jackie.Carbo@gmail.com,worker
239,Mahalia,Cynar,Mahalia.Cynar@yopmail.com,Mahalia.Cynar@gmail.com,developer
240,Neila,Wind,Neila.Wind@yopmail.com,Neila.Wind@gmail.com,developer
241,Lorie,Radu,Lorie.Radu@yopmail.com,Lorie.Radu@gmail.com,doctor
242,Jeanna,Fiann,Jeanna.Fiann@yopmail.com,Jeanna.Fiann@gmail.com,worker
243,Jennica,Seumas,Jennica.Seumas@yopmail.com,Jennica.Seumas@gmail.com,police officer
244,Patricia,Colleen,Patricia.Colleen@yopmail.com,Patricia.Colleen@gmail.com,doctor
245,Flory,Stanwood,Flory.Stanwood@yopmail.com,Flory.Stanwood@gmail.com,doctor
246,Helena,Norvol,Helena.Norvol@yopmail.com,Helena.Norvol@gmail.com,firefighter
247,Tarra,Jacinda,Tarra.Jacinda@yopmail.com,Tarra.Jacinda@gmail.com,firefighter
248,Nonnah,Kimmie,Nonnah.Kimmie@yopmail.com,Nonnah.Kimmie@gmail.com,police officer
249,Daphne,Hylan,Daphne.Hylan@yopmail.com,Daphne.Hylan@gmail.com,police officer
250,Rori,Federica,Rori.Federica@yopmail.com,Rori.Federica@gmail.com,doctor
251,Kate,Bigner,Kate.Bigner@yopmail.com,Kate.Bigner@gmail.com,worker
252,Donetta,Tillford,Donetta.Tillford@yopmail.com,Donetta.Tillford@gmail.com,doctor
253,Arabel,Flita,Arabel.Flita@yopmail.com,Arabel.Flita@gmail.com,doctor
254,Donnie,Byrne,Donnie.Byrne@yopmail.com,Donnie.Byrne@gmail.com,doctor
255,Talya,Kelula,Talya.Kelula@yopmail.com,Talya.Kelula@gmail.com,doctor
256,Flory,Cyrie,Flory.Cyrie@yopmail.com,Flory.Cyrie@gmail.com,firefighter
257,Lynnea,Lalitta,Lynnea.Lalitta@yopmail.com,Lynnea.Lalitta@gmail.com,police officer
258,Ivett,Elisha,Ivett.Elisha@yopmail.com,Ivett.Elisha@gmail.com,worker
259,Addia,Hashim,Addia.Hashim@yopmail.com,Addia.Hashim@gmail.com,doctor
260,Tierney,Carbo,Tierney.Carbo@yopmail.com,Tierney.Carbo@gmail.com,firefighter
261,Josephine,Pitt,Josephine.Pitt@yopmail.com,Josephine.Pitt@gmail.com,doctor
262,Dacia,Orpah,Dacia.Orpah@yopmail.com,Dacia.Orpah@gmail.com,doctor
263,Alyssa,Earlie,Alyssa.Earlie@yopmail.com,Alyssa.Earlie@gmail.com,developer
264,Elyssa,Marsden,Elyssa.Marsden@yopmail.com,Elyssa.Marsden@gmail.com,developer
265,Olivette,Cimbura,Olivette.Cimbura@yopmail.com,Olivette.Cimbura@gmail.com,developer
266,Gretal,Kirbee,Gretal.Kirbee@yopmail.com,Gretal.Kirbee@gmail.com,worker
267,Melisent,Matthew,Melisent.Matthew@yopmail.com,Melisent.Matthew@gmail.com,worker
268,Sallie,An,Sallie.An@yopmail.com,Sallie.An@gmail.com,doctor
269,Devina,Corilla,Devina.Corilla@yopmail.com,Devina.Corilla@gmail.com,doctor
270,Jessy,Bollay,Jessy.Bollay@yopmail.com,Jessy.Bollay@gmail.com,police officer
271,Caryl,Chabot,Caryl.Chabot@yopmail.com,Caryl.Chabot@gmail.com,worker
272,Henriette,Rozanna,Henriette.Rozanna@yopmail.com,Henriette.Rozanna@gmail.com,firefighter
273,Rosanne,Erich,Rosanne.Erich@yopmail.com,Rosanne.Erich@gmail.com,doctor
274,Jany,Rubie,Jany.Rubie@yopmail.com,Jany.Rubie@gmail.com,firefighter
275,Renae,Kauppi,Renae.Kauppi@yopmail.com,Renae.Kauppi@gmail.com,firefighter
276,Danika,Gilbertson,Danika.Gilbertson@yopmail.com,Danika.Gilbertson@gmail.com,developer
277,Nickie,Erlandson,Nickie.Erlandson@yopmail.com,Nickie.Erlandson@gmail.com,doctor
278,Anthia,Sibyls,Anthia.Sibyls@yopmail.com,Anthia.Sibyls@gmail.com,police officer
279,Halette,Cyrie,Halette.Cyrie@yopmail.com,Halette.Cyrie@gmail.com,police officer
280,Olwen,Baudin,Olwen.Baudin@yopmail.com,Olwen.Baudin@gmail.com,doctor
281,Margette,Lenny,Margette.Lenny@yopmail.com,Margette.Lenny@gmail.com,developer
282,Adriana,Whiffen,Adriana.Whiffen@yopmail.com,Adriana.Whiffen@gmail.com,doctor
283,Elie,Jobi,Elie.Jobi@yopmail.com,Elie.Jobi@gmail.com,developer
284,Meg,Sisile,Meg.Sisile@yopmail.com,Meg.Sisile@gmail.com,developer
285,Rosabelle,Sprage,Rosabelle.Sprage@yopmail.com,Rosabelle.Sprage@gmail.com,doctor
286,Laurene,Seligman,Laurene.Seligman@yopmail.com,Laurene.Seligman@gmail.com,developer
287,Siana,Denis,Siana.Denis@yopmail.com,Siana.Denis@gmail.com,doctor
288,Phylis,Cloris,Phylis.Cloris@yopmail.com,Phylis.Cloris@gmail.com,worker
289,Chrystel,Si,Chrystel.Si@yopmail.com,Chrystel.Si@gmail.com,doctor
290,Melisent,Estella,Melisent.Estella@yopmail.com,Melisent.Estella@gmail.com,worker
291,Penelopa,Ricarda,Penelopa.Ricarda@yopmail.com,Penelopa.Ricarda@gmail.com,worker
292,Dagmar,Peg,Dagmar.Peg@yopmail.com,Dagmar.Peg@gmail.com,developer
293,Eadie,Bonilla,Eadie.Bonilla@yopmail.com,Eadie.Bonilla@gmail.com,worker
294,Konstance,Helve,Konstance.Helve@yopmail.com,Konstance.Helve@gmail.com,developer
295,Katuscha,Thornburg,Katuscha.Thornburg@yopmail.com,Katuscha.Thornburg@gmail.com,worker
296,Tersina,Hieronymus,Tersina.Hieronymus@yopmail.com,Tersina.Hieronymus@gmail.com,doctor
297,Bobinette,Georgy,Bobinette.Georgy@yopmail.com,Bobinette.Georgy@gmail.com,worker
298,Catrina,Revkah,Catrina.Revkah@yopmail.com,Catrina.Revkah@gmail.com,police officer
299,Thalia,Gaynor,Thalia.Gaynor@yopmail.com,Thalia.Gaynor@gmail.com,police officer
300,Merci,Tremayne,Merci.Tremayne@yopmail.com,Merci.Tremayne@gmail.com,doctor
301,Neila,Koehler,Neila.Koehler@yopmail.com,Neila.Koehler@gmail.com,doctor
302,Cristabel,Vilma,Cristabel.Vilma@yopmail.com,Cristabel.Vilma@gmail.com,police officer
303,Clo,Randene,Clo.Randene@yopmail.com,Clo.Randene@gmail.com,worker
304,Hettie,McCutcheon,Hettie.McCutcheon@yopmail.com,Hettie.McCutcheon@gmail.com,developer
305,Kara-Lynn,Azeria,Kara-Lynn.Azeria@yopmail.com,Kara-Lynn.Azeria@gmail.com,police officer
306,Madelle,Percy,Madelle.Percy@yopmail.com,Madelle.Percy@gmail.com,firefighter
307,Sharai,Ophelia,Sharai.Ophelia@yopmail.com,Sharai.Ophelia@gmail.com,firefighter
308,Marline,Harriman,Marline.Harriman@yopmail.com,Marline.Harriman@gmail.com,police officer
309,Kial,Auberbach,Kial.Auberbach@yopmail.com,Kial.Auberbach@gmail.com,doctor
310,Penelopa,Lemuela,Penelopa.Lemuela@yopmail.com,Penelopa.Lemuela@gmail.com,worker
311,Kore,Janith,Kore.Janith@yopmail.com,Kore.Janith@gmail.com,worker
312,Gertrud,Tryck,Gertrud.Tryck@yopmail.com,Gertrud.Tryck@gmail.com,worker
313,Liana,Hillel,Liana.Hillel@yopmail.com,Liana.Hillel@gmail.com,police officer
314,Alex,Elephus,Alex.Elephus@yopmail.com,Alex.Elephus@gmail.com,developer
315,Sibella,Trinetta,Sibella.Trinetta@yopmail.com,Sibella.Trinetta@gmail.com,worker
316,Ermengarde,Schonfeld,Ermengarde.Schonfeld@yopmail.com,Ermengarde.Schonfeld@gmail.com,developer
317,Alex,Prouty,Alex.Prouty@yopmail.com,Alex.Prouty@gmail.com,developer
318,Lonnie,Tomasina,Lonnie.Tomasina@yopmail.com,Lonnie.Tomasina@gmail.com,worker
319,Shel,Knowling,Shel.Knowling@yopmail.com,Shel.Knowling@gmail.com,doctor
320,Jillayne,Carolin,Jillayne.Carolin@yopmail.com,Jillayne.Carolin@gmail.com,doctor
321,Wanda,Odell,Wanda.Odell@yopmail.com,Wanda.Odell@gmail.com,developer
322,Abbie,McCutcheon,Abbie.McCutcheon@yopmail.com,Abbie.McCutcheon@gmail.com,firefighter
323,Emylee,Nahum,Emylee.Nahum@yopmail.com,Emylee.Nahum@gmail.com,doctor
324,Elyssa,Federica,Elyssa.Federica@yopmail.com,Elyssa.Federica@gmail.com,doctor
325,Libbie,Aldric,Libbie.Aldric@yopmail.com,Libbie.Aldric@gmail.com,developer
326,Korrie,Libna,Korrie.Libna@yopmail.com,Korrie.Libna@gmail.com,developer
327,Chastity,Gunn,Chastity.Gunn@yopmail.com,Chastity.Gunn@gmail.com,firefighter
328,Dorice,Quinn,Dorice.Quinn@yopmail.com,Dorice.Quinn@gmail.com,firefighter
329,Codie,Iaverne,Codie.Iaverne@yopmail.com,Codie.Iaverne@gmail.com,developer
330,Rebeca,Laurianne,Rebeca.Laurianne@yopmail.com,Rebeca.Laurianne@gmail.com,developer
331,Hollie,Argus,Hollie.Argus@yopmail.com,Hollie.Argus@gmail.com,developer
332,Cherilyn,Winthorpe,Cherilyn.Winthorpe@yopmail.com,Cherilyn.Winthorpe@gmail.com,doctor
333,Kylynn,Garbe,Kylynn.Garbe@yopmail.com,Kylynn.Garbe@gmail.com,developer
334,Ruthe,Bohlin,Ruthe.Bohlin@yopmail.com,Ruthe.Bohlin@gmail.com,police officer
335,Ileana,Olympium,Ileana.Olympium@yopmail.com,Ileana.Olympium@gmail.com,police officer
336,Bernie,Rodmann,Bernie.Rodmann@yopmail.com,Bernie.Rodmann@gmail.com,doctor
337,Robbi,Euridice,Robbi.Euridice@yopmail.com,Robbi.Euridice@gmail.com,doctor
338,Patricia,Lea,Patricia.Lea@yopmail.com,Patricia.Lea@gmail.com,doctor
339,Ira,Pelagias,Ira.Pelagias@yopmail.com,Ira.Pelagias@gmail.com,worker
340,Daphne,Keily,Daphne.Keily@yopmail.com,Daphne.Keily@gmail.com,worker
341,Max,Nikaniki,Max.Nikaniki@yopmail.com,Max.Nikaniki@gmail.com,developer
342,Danny,Fink,Danny.Fink@yopmail.com,Danny.Fink@gmail.com,police officer
343,Cherilyn,Orlene,Cherilyn.Orlene@yopmail.com,Cherilyn.Orlene@gmail.com,worker
344,Raquela,Bonilla,Raquela.Bonilla@yopmail.com,Raquela.Bonilla@gmail.com,firefighter
345,Dari,Cornelia,Dari.Cornelia@yopmail.com,Dari.Cornelia@gmail.com,developer
346,Lynea,Raseda,Lynea.Raseda@yopmail.com,Lynea.Raseda@gmail.com,doctor
347,Flory,Imelida,Flory.Imelida@yopmail.com,Flory.Imelida@gmail.com,worker
348,Romona,Ashok,Romona.Ashok@yopmail.com,Romona.Ashok@gmail.com,developer
349,Nanete,Helfand,Nanete.Helfand@yopmail.com,Nanete.Helfand@gmail.com,firefighter
350,Genovera,Jotham,Genovera.Jotham@yopmail.com,Genovera.Jotham@gmail.com,police officer
351,Emelina,Xerxes,Emelina.Xerxes@yopmail.com,Emelina.Xerxes@gmail.com,developer
352,Eugine,Kaja,Eugine.Kaja@yopmail.com,Eugine.Kaja@gmail.com,firefighter
353,Edith,Havens,Edith.Havens@yopmail.com,Edith.Havens@gmail.com,worker
354,Shannah,Noam,Shannah.Noam@yopmail.com,Shannah.Noam@gmail.com,developer
355,Beverley,Albertine,Beverley.Albertine@yopmail.com,Beverley.Albertine@gmail.com,police officer
356,Kalina,Sothena,Kalina.Sothena@yopmail.com,Kalina.Sothena@gmail.com,firefighter
357,Nessie,Keelia,Nessie.Keelia@yopmail.com,Nessie.Keelia@gmail.com,doctor
358,Marnia,Parsaye,Marnia.Parsaye@yopmail.com,Marnia.Parsaye@gmail.com,developer
359,Ann-Marie,Brenn,Ann-Marie.Brenn@yopmail.com,Ann-Marie.Brenn@gmail.com,firefighter
360,Delilah,Swigart,Delilah.Swigart@yopmail.com,Delilah.Swigart@gmail.com,police officer
361,Ebonee,Papageno,Ebonee.Papageno@yopmail.com,Ebonee.Papageno@gmail.com,doctor
362,Grier,Faria,Grier.Faria@yopmail.com,Grier.Faria@gmail.com,doctor
363,Oralee,Hortensia,Oralee.Hortensia@yopmail.com,Oralee.Hortensia@gmail.com,worker
364,Ursulina,Ricki,Ursulina.Ricki@yopmail.com,Ursulina.Ricki@gmail.com,doctor
365,Lelah,Hertzfeld,Lelah.Hertzfeld@yopmail.com,Lelah.Hertzfeld@gmail.com,developer
366,Carmencita,Bebe,Carmencita.Bebe@yopmail.com,Carmencita.Bebe@gmail.com,doctor
367,Winny,Fitzsimmons,Winny.Fitzsimmons@yopmail.com,Winny.Fitzsimmons@gmail.com,police officer
368,Juliane,Lay,Juliane.Lay@yopmail.com,Juliane.Lay@gmail.com,developer
369,Peri,Heidt,Peri.Heidt@yopmail.com,Peri.Heidt@gmail.com,police officer
370,Ronna,Trace,Ronna.Trace@yopmail.com,Ronna.Trace@gmail.com,worker
371,Jenda,Deny,Jenda.Deny@yopmail.com,Jenda.Deny@gmail.com,police officer
372,Nicoli,Burnside,Nicoli.Burnside@yopmail.com,Nicoli.Burnside@gmail.com,developer
373,Farrah,Granoff,Farrah.Granoff@yopmail.com,Farrah.Granoff@gmail.com,worker
374,Reeba,Ferrell,Reeba.Ferrell@yopmail.com,Reeba.Ferrell@gmail.com,police officer
375,Angelique,Suanne,Angelique.Suanne@yopmail.com,Angelique.Suanne@gmail.com,police officer
376,Tilly,Concha,Tilly.Concha@yopmail.com,Tilly.Concha@gmail.com,developer
377,Xylina,Rolf,Xylina.Rolf@yopmail.com,Xylina.Rolf@gmail.com,doctor
378,Sarette,Wenoa,Sarette.Wenoa@yopmail.com,Sarette.Wenoa@gmail.com,doctor
379,Priscilla,Loring,Priscilla.Loring@yopmail.com,Priscilla.Loring@gmail.com,worker
380,Justinn,Firmin,Justinn.Firmin@yopmail.com,Justinn.Firmin@gmail.com,developer
381,Allyce,Kevon,Allyce.Kevon@yopmail.com,Allyce.Kevon@gmail.com,doctor
382,Bernardine,Stanwood,Bernardine.Stanwood@yopmail.com,Bernardine.Stanwood@gmail.com,developer
383,Tobe,Erb,Tobe.Erb@yopmail.com,Tobe.Erb@gmail.com,doctor
384,Demetris,Decato,Demetris.Decato@yopmail.com,Demetris.Decato@gmail.com,developer
385,Cyb,Ophelia,Cyb.Ophelia@yopmail.com,Cyb.Ophelia@gmail.com,doctor
386,Barbi,Tengdin,Barbi.Tengdin@yopmail.com,Barbi.Tengdin@gmail.com,police officer
387,Amara,Brotherson,Amara.Brotherson@yopmail.com,Amara.Brotherson@gmail.com,developer
388,Glynnis,Helve,Glynnis.Helve@yopmail.com,Glynnis.Helve@gmail.com,firefighter
389,Dorice,Kiyoshi,Dorice.Kiyoshi@yopmail.com,Dorice.Kiyoshi@gmail.com,worker
390,Dotty,Pattin,Dotty.Pattin@yopmail.com,Dotty.Pattin@gmail.com,developer
391,Giustina,Romelda,Giustina.Romelda@yopmail.com,Giustina.Romelda@gmail.com,police officer
392,Emmey,Klemperer,Emmey.Klemperer@yopmail.com,Emmey.Klemperer@gmail.com,worker
393,Alexine,Jobi,Alexine.Jobi@yopmail.com,Alexine.Jobi@gmail.com,firefighter
394,Bernardine,Kevon,Bernardine.Kevon@yopmail.com,Bernardine.Kevon@gmail.com,firefighter
395,Ruthe,Allare,Ruthe.Allare@yopmail.com,Ruthe.Allare@gmail.com,worker
396,Tarra,Aloise,Tarra.Aloise@yopmail.com,Tarra.Aloise@gmail.com,developer
397,Livvyy,Fabiola,Livvyy.Fabiola@yopmail.com,Livvyy.Fabiola@gmail.com,developer
398,Anthia,Joeann,Anthia.Joeann@yopmail.com,Anthia.Joeann@gmail.com,developer
399,Helsa,Klotz,Helsa.Klotz@yopmail.com,Helsa.Klotz@gmail.com,doctor
400,Melanie,Diogenes,Melanie.Diogenes@yopmail.com,Melanie.Diogenes@gmail.com,developer
401,Gale,Francyne,Gale.Francyne@yopmail.com,Gale.Francyne@gmail.com,police officer
402,Gwenneth,Norrie,Gwenneth.Norrie@yopmail.com,Gwenneth.Norrie@gmail.com,firefighter
403,Stevana,Gamaliel,Stevana.Gamaliel@yopmail.com,Stevana.Gamaliel@gmail.com,doctor
404,Judy,Lemuela,Judy.Lemuela@yopmail.com,Judy.Lemuela@gmail.com,developer
405,Rebeca,Euridice,Rebeca.Euridice@yopmail.com,Rebeca.Euridice@gmail.com,firefighter
406,Gui,Anis,Gui.Anis@yopmail.com,Gui.Anis@gmail.com,worker
407,Jolyn,Greenwald,Jolyn.Greenwald@yopmail.com,Jolyn.Greenwald@gmail.com,developer
408,Madeleine,Bevin,Madeleine.Bevin@yopmail.com,Madeleine.Bevin@gmail.com,firefighter
409,Ann-Marie,Azeria,Ann-Marie.Azeria@yopmail.com,Ann-Marie.Azeria@gmail.com,doctor
410,Di,Chinua,Di.Chinua@yopmail.com,Di.Chinua@gmail.com,developer
411,Nessie,Christal,Nessie.Christal@yopmail.com,Nessie.Christal@gmail.com,police officer
412,Katleen,Elo,Katleen.Elo@yopmail.com,Katleen.Elo@gmail.com,police officer
413,Maridel,Brian,Maridel.Brian@yopmail.com,Maridel.Brian@gmail.com,firefighter
414,Leona,Mendez,Leona.Mendez@yopmail.com,Leona.Mendez@gmail.com,police officer
415,Fina,Wenda,Fina.Wenda@yopmail.com,Fina.Wenda@gmail.com,police officer
416,Glenda,Fleeta,Glenda.Fleeta@yopmail.com,Glenda.Fleeta@gmail.com,firefighter
417,Hannis,Flyn,Hannis.Flyn@yopmail.com,Hannis.Flyn@gmail.com,developer
418,Brandise,Delila,Brandise.Delila@yopmail.com,Brandise.Delila@gmail.com,police officer
419,Blake,Selway,Blake.Selway@yopmail.com,Blake.Selway@gmail.com,worker
420,Vevay,Celestine,Vevay.Celestine@yopmail.com,Vevay.Celestine@gmail.com,developer
421,Jan,Nedrud,Jan.Nedrud@yopmail.com,Jan.Nedrud@gmail.com,doctor
422,Ruthe,Astra,Ruthe.Astra@yopmail.com,Ruthe.Astra@gmail.com,firefighter
423,Violet,Earlie,Violet.Earlie@yopmail.com,Violet.Earlie@gmail.com,firefighter
424,Sue,Anyah,Sue.Anyah@yopmail.com,Sue.Anyah@gmail.com,worker
425,Mariann,Isidore,Mariann.Isidore@yopmail.com,Mariann.Isidore@gmail.com,firefighter
426,Roseline,Gillan,Roseline.Gillan@yopmail.com,Roseline.Gillan@gmail.com,developer
427,Marcy,Rosette,Marcy.Rosette@yopmail.com,Marcy.Rosette@gmail.com,police officer
428,Louella,Lareena,Louella.Lareena@yopmail.com,Louella.Lareena@gmail.com,worker
429,Florie,Raul,Florie.Raul@yopmail.com,Florie.Raul@gmail.com,firefighter
430,Kassey,Bonilla,Kassey.Bonilla@yopmail.com,Kassey.Bonilla@gmail.com,developer
431,Tami,Randene,Tami.Randene@yopmail.com,Tami.Randene@gmail.com,developer
432,Lesly,Buffum,Lesly.Buffum@yopmail.com,Lesly.Buffum@gmail.com,doctor
433,Tobe,Irmine,Tobe.Irmine@yopmail.com,Tobe.Irmine@gmail.com,developer
434,Leanna,Brunell,Leanna.Brunell@yopmail.com,Leanna.Brunell@gmail.com,worker
435,Tarra,Greyson,Tarra.Greyson@yopmail.com,Tarra.Greyson@gmail.com,worker
436,Elyssa,Wandie,Elyssa.Wandie@yopmail.com,Elyssa.Wandie@gmail.com,firefighter
437,Kalina,Philipp,Kalina.Philipp@yopmail.com,Kalina.Philipp@gmail.com,police officer
438,Annecorinne,Nadia,Annecorinne.Nadia@yopmail.com,Annecorinne.Nadia@gmail.com,doctor
439,Alexine,Center,Alexine.Center@yopmail.com,Alexine.Center@gmail.com,firefighter
440,Daune,Eachern,Daune.Eachern@yopmail.com,Daune.Eachern@gmail.com,worker
441,Nadine,Gillan,Nadine.Gillan@yopmail.com,Nadine.Gillan@gmail.com,firefighter
442,Tobe,Berne,Tobe.Berne@yopmail.com,Tobe.Berne@gmail.com,firefighter
443,Kayla,Francyne,Kayla.Francyne@yopmail.com,Kayla.Francyne@gmail.com,worker
444,Mureil,Bennie,Mureil.Bennie@yopmail.com,Mureil.Bennie@gmail.com,firefighter
445,Wendi,Emmaline,Wendi.Emmaline@yopmail.com,Wendi.Emmaline@gmail.com,doctor
446,Micheline,Roche,Micheline.Roche@yopmail.com,Micheline.Roche@gmail.com,doctor
447,Olivette,Elvyn,Olivette.Elvyn@yopmail.com,Olivette.Elvyn@gmail.com,firefighter
448,Myrtice,Phi,Myrtice.Phi@yopmail.com,Myrtice.Phi@gmail.com,doctor
449,Althea,Fairweather,Althea.Fairweather@yopmail.com,Althea.Fairweather@gmail.com,police officer
450,Madeleine,Goddard,Madeleine.Goddard@yopmail.com,Madeleine.Goddard@gmail.com,firefighter
451,Trixi,Thunell,Trixi.Thunell@yopmail.com,Trixi.Thunell@gmail.com,worker
452,Selma,Krystle,Selma.Krystle@yopmail.com,Selma.Krystle@gmail.com,developer
453,Ardenia,Elephus,Ardenia.Elephus@yopmail.com,Ardenia.Elephus@gmail.com,developer
454,Gwyneth,O'Rourke,Gwyneth.O'Rourke@yopmail.com,Gwyneth.O'Rourke@gmail.com,doctor
455,Linzy,Abernon,Linzy.Abernon@yopmail.com,Linzy.Abernon@gmail.com,worker
456,Krystle,August,Krystle.August@yopmail.com,Krystle.August@gmail.com,worker
457,Dyann,Thunell,Dyann.Thunell@yopmail.com,Dyann.Thunell@gmail.com,firefighter
458,Glenda,Behre,Glenda.Behre@yopmail.com,Glenda.Behre@gmail.com,police officer
459,Lulita,Stephie,Lulita.Stephie@yopmail.com,Lulita.Stephie@gmail.com,worker
460,Aigneis,Means,Aigneis.Means@yopmail.com,Aigneis.Means@gmail.com,worker
461,Sonni,Koziara,Sonni.Koziara@yopmail.com,Sonni.Koziara@gmail.com,worker
462,Gerianna,Norvol,Gerianna.Norvol@yopmail.com,Gerianna.Norvol@gmail.com,doctor
463,Raf,Holtz,Raf.Holtz@yopmail.com,Raf.Holtz@gmail.com,doctor
464,Layla,Hanleigh,Layla.Hanleigh@yopmail.com,Layla.Hanleigh@gmail.com,developer
465,Merci,Odell,Merci.Odell@yopmail.com,Merci.Odell@gmail.com,developer
466,Magdalena,Publia,Magdalena.Publia@yopmail.com,Magdalena.Publia@gmail.com,police officer
467,Melodie,Rona,Melodie.Rona@yopmail.com,Melodie.Rona@gmail.com,firefighter
468,Eolanda,Fadiman,Eolanda.Fadiman@yopmail.com,Eolanda.Fadiman@gmail.com,police officer
469,Grier,Radu,Grier.Radu@yopmail.com,Grier.Radu@gmail.com,firefighter
470,Deloria,Kinnard,Deloria.Kinnard@yopmail.com,Deloria.Kinnard@gmail.com,developer
471,Kaja,Norrie,Kaja.Norrie@yopmail.com,Kaja.Norrie@gmail.com,worker
472,Sarette,Mandler,Sarette.Mandler@yopmail.com,Sarette.Mandler@gmail.com,firefighter
473,Malina,Goth,Malina.Goth@yopmail.com,Malina.Goth@gmail.com,police officer
474,Goldie,Demitria,Goldie.Demitria@yopmail.com,Goldie.Demitria@gmail.com,doctor
475,Amara,Erb,Amara.Erb@yopmail.com,Amara.Erb@gmail.com,worker
476,Corry,An,Corry.An@yopmail.com,Corry.An@gmail.com,doctor
477,Lynde,Colbert,Lynde.Colbert@yopmail.com,Lynde.Colbert@gmail.com,firefighter
478,Kristina,Susannah,Kristina.Susannah@yopmail.com,Kristina.Susannah@gmail.com,developer
479,Sophia,Marden,Sophia.Marden@yopmail.com,Sophia.Marden@gmail.com,worker
480,Valeda,Creamer,Valeda.Creamer@yopmail.com,Valeda.Creamer@gmail.com,police officer
481,Di,Rugen,Di.Rugen@yopmail.com,Di.Rugen@gmail.com,firefighter
482,Alyda,Latini,Alyda.Latini@yopmail.com,Alyda.Latini@gmail.com,police officer
483,Jasmina,Buffum,Jasmina.Buffum@yopmail.com,Jasmina.Buffum@gmail.com,firefighter
484,Tori,Grimbly,Tori.Grimbly@yopmail.com,Tori.Grimbly@gmail.com,firefighter
485,Justinn,Gabrielli,Justinn.Gabrielli@yopmail.com,Justinn.Gabrielli@gmail.com,police officer
486,Karolina,Chinua,Karolina.Chinua@yopmail.com,Karolina.Chinua@gmail.com,doctor
487,Jessy,Dielu,Jessy.Dielu@yopmail.com,Jessy.Dielu@gmail.com,worker
488,Modestia,Fancie,Modestia.Fancie@yopmail.com,Modestia.Fancie@gmail.com,police officer
489,Winifred,Odysseus,Winifred.Odysseus@yopmail.com,Winifred.Odysseus@gmail.com,police officer
490,Georgina,Sherfield,Georgina.Sherfield@yopmail.com,Georgina.Sherfield@gmail.com,doctor
491,Joleen,Killigrew,Joleen.Killigrew@yopmail.com,Joleen.Killigrew@gmail.com,police officer
492,Tracey,Claudine,Tracey.Claudine@yopmail.com,Tracey.Claudine@gmail.com,police officer
493,Paola,Clarissa,Paola.Clarissa@yopmail.com,Paola.Clarissa@gmail.com,police officer
494,Ruthe,Milde,Ruthe.Milde@yopmail.com,Ruthe.Milde@gmail.com,developer
495,Roz,Gladstone,Roz.Gladstone@yopmail.com,Roz.Gladstone@gmail.com,firefighter
496,Valeda,Dorothy,Valeda.Dorothy@yopmail.com,Valeda.Dorothy@gmail.com,police officer
497,Daryl,Georgy,Daryl.Georgy@yopmail.com,Daryl.Georgy@gmail.com,worker
498,Debee,Sadowski,Debee.Sadowski@yopmail.com,Debee.Sadowski@gmail.com,worker
499,Misha,Koehler,Misha.Koehler@yopmail.com,Misha.Koehler@gmail.com,firefighter
500,Sheree,Gaynor,Sheree.Gaynor@yopmail.com,Sheree.Gaynor@gmail.com,firefighter
501,Joleen,Rosalba,Joleen.Rosalba@yopmail.com,Joleen.Rosalba@gmail.com,doctor
502,Aryn,Corrine,Aryn.Corrine@yopmail.com,Aryn.Corrine@gmail.com,developer
503,Kathy,Korey,Kathy.Korey@yopmail.com,Kathy.Korey@gmail.com,police officer
504,Hayley,Peti,Hayley.Peti@yopmail.com,Hayley.Peti@gmail.com,worker
505,Roberta,Gualtiero,Roberta.Gualtiero@yopmail.com,Roberta.Gualtiero@gmail.com,police officer
506,Aimil,Strephon,Aimil.Strephon@yopmail.com,Aimil.Strephon@gmail.com,developer
507,Karena,Hourigan,Karena.Hourigan@yopmail.com,Karena.Hourigan@gmail.com,developer
508,Kristan,Frodi,Kristan.Frodi@yopmail.com,Kristan.Frodi@gmail.com,doctor
509,Myriam,Syd,Myriam.Syd@yopmail.com,Myriam.Syd@gmail.com,police officer
510,Rori,Drus,Rori.Drus@yopmail.com,Rori.Drus@gmail.com,police officer
511,Britni,Hanshaw,Britni.Hanshaw@yopmail.com,Britni.Hanshaw@gmail.com,firefighter
512,Karlee,Drus,Karlee.Drus@yopmail.com,Karlee.Drus@gmail.com,doctor
513,Suzette,Toni,Suzette.Toni@yopmail.com,Suzette.Toni@gmail.com,police officer
514,Sophia,Wildermuth,Sophia.Wildermuth@yopmail.com,Sophia.Wildermuth@gmail.com,worker
515,Frank,Claudine,Frank.Claudine@yopmail.com,Frank.Claudine@gmail.com,worker
516,Farrah,Larochelle,Farrah.Larochelle@yopmail.com,Farrah.Larochelle@gmail.com,developer
517,Elvira,Berard,Elvira.Berard@yopmail.com,Elvira.Berard@gmail.com,police officer
518,Merci,Redmond,Merci.Redmond@yopmail.com,Merci.Redmond@gmail.com,developer
519,Daphne,Cimbura,Daphne.Cimbura@yopmail.com,Daphne.Cimbura@gmail.com,firefighter
520,Carree,Torray,Carree.Torray@yopmail.com,Carree.Torray@gmail.com,police officer
521,Tressa,Brandice,Tressa.Brandice@yopmail.com,Tressa.Brandice@gmail.com,developer
522,Augustine,Giff,Augustine.Giff@yopmail.com,Augustine.Giff@gmail.com,police officer
523,Vita,Libna,Vita.Libna@yopmail.com,Vita.Libna@gmail.com,developer
524,Carree,Zrike,Carree.Zrike@yopmail.com,Carree.Zrike@gmail.com,developer
525,Karina,Infield,Karina.Infield@yopmail.com,Karina.Infield@gmail.com,developer
526,Babita,Harl,Babita.Harl@yopmail.com,Babita.Harl@gmail.com,firefighter
527,Larine,McAdams,Larine.McAdams@yopmail.com,Larine.McAdams@gmail.com,firefighter
528,Kayla,Merriott,Kayla.Merriott@yopmail.com,Kayla.Merriott@gmail.com,worker
529,Cordi,Lay,Cordi.Lay@yopmail.com,Cordi.Lay@gmail.com,worker
530,Marguerite,Codding,Marguerite.Codding@yopmail.com,Marguerite.Codding@gmail.com,developer
531,Felice,Cleavland,Felice.Cleavland@yopmail.com,Felice.Cleavland@gmail.com,firefighter
532,Gwenneth,Tufts,Gwenneth.Tufts@yopmail.com,Gwenneth.Tufts@gmail.com,police officer
533,Tiffie,Brieta,Tiffie.Brieta@yopmail.com,Tiffie.Brieta@gmail.com,worker
534,Doralynne,Linehan,Doralynne.Linehan@yopmail.com,Doralynne.Linehan@gmail.com,worker
535,Kore,Christine,Kore.Christine@yopmail.com,Kore.Christine@gmail.com,police officer
536,Ofilia,Denis,Ofilia.Denis@yopmail.com,Ofilia.Denis@gmail.com,developer
537,Jessamyn,Chinua,Jessamyn.Chinua@yopmail.com,Jessamyn.Chinua@gmail.com,developer
538,Elie,Vanni,Elie.Vanni@yopmail.com,Elie.Vanni@gmail.com,firefighter
539,Amii,Suk,Amii.Suk@yopmail.com,Amii.Suk@gmail.com,developer
540,Rhea,Ricarda,Rhea.Ricarda@yopmail.com,Rhea.Ricarda@gmail.com,firefighter
541,Lanna,Lea,Lanna.Lea@yopmail.com,Lanna.Lea@gmail.com,police officer
542,Britte,Vacuva,Britte.Vacuva@yopmail.com,Britte.Vacuva@gmail.com,worker
543,Fina,Oscar,Fina.Oscar@yopmail.com,Fina.Oscar@gmail.com,worker
544,Gilligan,Salvidor,Gilligan.Salvidor@yopmail.com,Gilligan.Salvidor@gmail.com,doctor
545,Stephanie,Gusella,Stephanie.Gusella@yopmail.com,Stephanie.Gusella@gmail.com,developer
546,Zsa Zsa,Chandler,Zsa Zsa.Chandler@yopmail.com,Zsa Zsa.Chandler@gmail.com,developer
547,Paola,Dimitris,Paola.Dimitris@yopmail.com,Paola.Dimitris@gmail.com,doctor
548,Tiffie,Bashemeth,Tiffie.Bashemeth@yopmail.com,Tiffie.Bashemeth@gmail.com,firefighter
549,Dagmar,Haldas,Dagmar.Haldas@yopmail.com,Dagmar.Haldas@gmail.com,police officer
550,Merci,Elbertina,Merci.Elbertina@yopmail.com,Merci.Elbertina@gmail.com,doctor
551,Elena,Markman,Elena.Markman@yopmail.com,Elena.Markman@gmail.com,doctor
552,Winny,Lanita,Winny.Lanita@yopmail.com,Winny.Lanita@gmail.com,developer
553,Clo,Katrine,Clo.Katrine@yopmail.com,Clo.Katrine@gmail.com,doctor
554,Deane,Clie,Deane.Clie@yopmail.com,Deane.Clie@gmail.com,developer
555,Lily,Cadmar,Lily.Cadmar@yopmail.com,Lily.Cadmar@gmail.com,worker
556,Hollie,Abbot,Hollie.Abbot@yopmail.com,Hollie.Abbot@gmail.com,worker
557,Candi,Faso,Candi.Faso@yopmail.com,Candi.Faso@gmail.com,developer
558,Aigneis,Stephie,Aigneis.Stephie@yopmail.com,Aigneis.Stephie@gmail.com,developer
559,Romona,Wenda,Romona.Wenda@yopmail.com,Romona.Wenda@gmail.com,firefighter
560,Marjie,Nickola,Marjie.Nickola@yopmail.com,Marjie.Nickola@gmail.com,worker
561,Diena,Saint,Diena.Saint@yopmail.com,Diena.Saint@gmail.com,worker
562,Celestyna,Helfand,Celestyna.Helfand@yopmail.com,Celestyna.Helfand@gmail.com,doctor
563,Patricia,Uird,Patricia.Uird@yopmail.com,Patricia.Uird@gmail.com,firefighter
564,Lorenza,Myrilla,Lorenza.Myrilla@yopmail.com,Lorenza.Myrilla@gmail.com,doctor
565,Adore,Gaulin,Adore.Gaulin@yopmail.com,Adore.Gaulin@gmail.com,worker
566,Kimmy,An,Kimmy.An@yopmail.com,Kimmy.An@gmail.com,doctor
567,Luci,Avi,Luci.Avi@yopmail.com,Luci.Avi@gmail.com,developer
568,Paule,Darbie,Paule.Darbie@yopmail.com,Paule.Darbie@gmail.com,worker
569,Miquela,Stav,Miquela.Stav@yopmail.com,Miquela.Stav@gmail.com,developer
570,Alie,Duwalt,Alie.Duwalt@yopmail.com,Alie.Duwalt@gmail.com,developer
571,Jennica,Dash,Jennica.Dash@yopmail.com,Jennica.Dash@gmail.com,police officer
572,Lacie,Cressida,Lacie.Cressida@yopmail.com,Lacie.Cressida@gmail.com,police officer
573,Corina,Wadell,Corina.Wadell@yopmail.com,Corina.Wadell@gmail.com,police officer
574,Adele,Vacuva,Adele.Vacuva@yopmail.com,Adele.Vacuva@gmail.com,firefighter
575,Drucie,Allare,Drucie.Allare@yopmail.com,Drucie.Allare@gmail.com,doctor
576,Brynna,Grobe,Brynna.Grobe@yopmail.com,Brynna.Grobe@gmail.com,developer
577,Ruthe,Bashemeth,Ruthe.Bashemeth@yopmail.com,Ruthe.Bashemeth@gmail.com,worker
578,Lusa,Even,Lusa.Even@yopmail.com,Lusa.Even@gmail.com,worker
579,Caryl,Kravits,Caryl.Kravits@yopmail.com,Caryl.Kravits@gmail.com,firefighter
580,Jsandye,Luhe,Jsandye.Luhe@yopmail.com,Jsandye.Luhe@gmail.com,doctor
581,Britte,Joachim,Britte.Joachim@yopmail.com,Britte.Joachim@gmail.com,firefighter
582,Chickie,Annabella,Chickie.Annabella@yopmail.com,Chickie.Annabella@gmail.com,developer
583,Alyda,Bashemeth,Alyda.Bashemeth@yopmail.com,Alyda.Bashemeth@gmail.com,police officer
584,Aurelie,Newell,Aurelie.Newell@yopmail.com,Aurelie.Newell@gmail.com,doctor
585,Florencia,Mendez,Florencia.Mendez@yopmail.com,Florencia.Mendez@gmail.com,firefighter
586,Carilyn,Socha,Carilyn.Socha@yopmail.com,Carilyn.Socha@gmail.com,developer
587,Sibella,Millda,Sibella.Millda@yopmail.com,Sibella.Millda@gmail.com,developer
588,Dulce,Fontana,Dulce.Fontana@yopmail.com,Dulce.Fontana@gmail.com,police officer
589,Bobbi,Madaih,Bobbi.Madaih@yopmail.com,Bobbi.Madaih@gmail.com,firefighter
590,Ulrike,Hepsibah,Ulrike.Hepsibah@yopmail.com,Ulrike.Hepsibah@gmail.com,police officer
591,Georgina,Lipson,Georgina.Lipson@yopmail.com,Georgina.Lipson@gmail.com,firefighter
592,Berget,Donoghue,Berget.Donoghue@yopmail.com,Berget.Donoghue@gmail.com,police officer
593,Darci,Carvey,Darci.Carvey@yopmail.com,Darci.Carvey@gmail.com,doctor
594,Priscilla,Firmin,Priscilla.Firmin@yopmail.com,Priscilla.Firmin@gmail.com,firefighter
595,Amalie,Vacuva,Amalie.Vacuva@yopmail.com,Amalie.Vacuva@gmail.com,police officer
596,Estell,Yoko,Estell.Yoko@yopmail.com,Estell.Yoko@gmail.com,worker
597,Kristina,Gusella,Kristina.Gusella@yopmail.com,Kristina.Gusella@gmail.com,firefighter
598,Noelle,Aprile,Noelle.Aprile@yopmail.com,Noelle.Aprile@gmail.com,police officer
599,Daune,Kellby,Daune.Kellby@yopmail.com,Daune.Kellby@gmail.com,doctor
600,Rani,Standing,Rani.Standing@yopmail.com,Rani.Standing@gmail.com,worker
601,Olivette,Lynn,Olivette.Lynn@yopmail.com,Olivette.Lynn@gmail.com,developer
602,Letizia,Goth,Letizia.Goth@yopmail.com,Letizia.Goth@gmail.com,police officer
603,Ottilie,Suanne,Ottilie.Suanne@yopmail.com,Ottilie.Suanne@gmail.com,police officer
604,Claudina,Narton,Claudina.Narton@yopmail.com,Claudina.Narton@gmail.com,developer
605,Thalia,Creamer,Thalia.Creamer@yopmail.com,Thalia.Creamer@gmail.com,firefighter
606,Phedra,Middleton,Phedra.Middleton@yopmail.com,Phedra.Middleton@gmail.com,police officer
607,Atlanta,Grayce,Atlanta.Grayce@yopmail.com,Atlanta.Grayce@gmail.com,developer
608,Thalia,Karl,Thalia.Karl@yopmail.com,Thalia.Karl@gmail.com,developer
609,Bee,Amadas,Bee.Amadas@yopmail.com,Bee.Amadas@gmail.com,worker
610,Bee,Kolnick,Bee.Kolnick@yopmail.com,Bee.Kolnick@gmail.com,police officer
611,Shauna,Solitta,Shauna.Solitta@yopmail.com,Shauna.Solitta@gmail.com,firefighter
612,Wanda,Amadas,Wanda.Amadas@yopmail.com,Wanda.Amadas@gmail.com,doctor
613,Dolli,Gwenore,Dolli.Gwenore@yopmail.com,Dolli.Gwenore@gmail.com,worker
614,Elfreda,Orpah,Elfreda.Orpah@yopmail.com,Elfreda.Orpah@gmail.com,worker
615,Etta,Lucienne,Etta.Lucienne@yopmail.com,Etta.Lucienne@gmail.com,police officer
616,Nickie,Oster,Nickie.Oster@yopmail.com,Nickie.Oster@gmail.com,firefighter
617,Lorne,Frendel,Lorne.Frendel@yopmail.com,Lorne.Frendel@gmail.com,firefighter
618,Paule,Mozelle,Paule.Mozelle@yopmail.com,Paule.Mozelle@gmail.com,police officer
619,Merci,Medrek,Merci.Medrek@yopmail.com,Merci.Medrek@gmail.com,doctor
620,Andeee,Tjon,Andeee.Tjon@yopmail.com,Andeee.Tjon@gmail.com,doctor
621,Blinni,Bari,Blinni.Bari@yopmail.com,Blinni.Bari@gmail.com,worker
622,Alejandra,Goerke,Alejandra.Goerke@yopmail.com,Alejandra.Goerke@gmail.com,police officer
623,Phylis,Marden,Phylis.Marden@yopmail.com,Phylis.Marden@gmail.com,firefighter
624,Yolane,Hessler,Yolane.Hessler@yopmail.com,Yolane.Hessler@gmail.com,worker
625,Mellicent,Ellord,Mellicent.Ellord@yopmail.com,Mellicent.Ellord@gmail.com,firefighter
626,Dotty,Noelyn,Dotty.Noelyn@yopmail.com,Dotty.Noelyn@gmail.com,worker
627,Marjie,Robertson,Marjie.Robertson@yopmail.com,Marjie.Robertson@gmail.com,police officer
628,Frances,Thilda,Frances.Thilda@yopmail.com,Frances.Thilda@gmail.com,worker
629,Hettie,Freddi,Hettie.Freddi@yopmail.com,Hettie.Freddi@gmail.com,doctor
630,June,Fiester,June.Fiester@yopmail.com,June.Fiester@gmail.com,firefighter
631,Nadine,Anastatius,Nadine.Anastatius@yopmail.com,Nadine.Anastatius@gmail.com,firefighter
632,Candi,Kelula,Candi.Kelula@yopmail.com,Candi.Kelula@gmail.com,worker
633,Peri,Dorcy,Peri.Dorcy@yopmail.com,Peri.Dorcy@gmail.com,firefighter
634,Sherrie,Sikorski,Sherrie.Sikorski@yopmail.com,Sherrie.Sikorski@gmail.com,doctor
635,Maurene,Candy,Maurene.Candy@yopmail.com,Maurene.Candy@gmail.com,worker
636,Myriam,Orpah,Myriam.Orpah@yopmail.com,Myriam.Orpah@gmail.com,police officer
637,Chrystel,Herrera,Chrystel.Herrera@yopmail.com,Chrystel.Herrera@gmail.com,firefighter
638,Drucie,Bluh,Drucie.Bluh@yopmail.com,Drucie.Bluh@gmail.com,developer
639,Benita,Munn,Benita.Munn@yopmail.com,Benita.Munn@gmail.com,firefighter
640,Aimil,Seessel,Aimil.Seessel@yopmail.com,Aimil.Seessel@gmail.com,police officer
641,Allyce,Cyrie,Allyce.Cyrie@yopmail.com,Allyce.Cyrie@gmail.com,worker
642,Lyssa,Reneta,Lyssa.Reneta@yopmail.com,Lyssa.Reneta@gmail.com,firefighter
643,Claresta,Myrilla,Claresta.Myrilla@yopmail.com,Claresta.Myrilla@gmail.com,developer
644,Helsa,Whittaker,Helsa.Whittaker@yopmail.com,Helsa.Whittaker@gmail.com,police officer
645,Dotty,Wesle,Dotty.Wesle@yopmail.com,Dotty.Wesle@gmail.com,firefighter
646,Nataline,Wind,Nataline.Wind@yopmail.com,Nataline.Wind@gmail.com,developer
647,Minne,Naashom,Minne.Naashom@yopmail.com,Minne.Naashom@gmail.com,developer
648,Merle,Ambrosia,Merle.Ambrosia@yopmail.com,Merle.Ambrosia@gmail.com,developer
649,Gabriellia,Judye,Gabriellia.Judye@yopmail.com,Gabriellia.Judye@gmail.com,worker
650,Dulcinea,Pearse,Dulcinea.Pearse@yopmail.com,Dulcinea.Pearse@gmail.com,developer
651,Shauna,Kress,Shauna.Kress@yopmail.com,Shauna.Kress@gmail.com,worker
652,Farrah,Euridice,Farrah.Euridice@yopmail.com,Farrah.Euridice@gmail.com,worker
653,Leia,Cyrie,Leia.Cyrie@yopmail.com,Leia.Cyrie@gmail.com,worker
654,Leontine,Constancy,Leontine.Constancy@yopmail.com,Leontine.Constancy@gmail.com,firefighter
655,Catrina,Erminia,Catrina.Erminia@yopmail.com,Catrina.Erminia@gmail.com,developer
656,Flory,Ax,Flory.Ax@yopmail.com,Flory.Ax@gmail.com,police officer
657,Cherrita,Dulciana,Cherrita.Dulciana@yopmail.com,Cherrita.Dulciana@gmail.com,police officer
658,Rosaline,Nicoline,Rosaline.Nicoline@yopmail.com,Rosaline.Nicoline@gmail.com,firefighter
659,Emma,My,Emma.My@yopmail.com,Emma.My@gmail.com,police officer
660,Kerrin,Decato,Kerrin.Decato@yopmail.com,Kerrin.Decato@gmail.com,firefighter
661,Melisent,Bahr,Melisent.Bahr@yopmail.com,Melisent.Bahr@gmail.com,worker
662,Jennica,Marcellus,Jennica.Marcellus@yopmail.com,Jennica.Marcellus@gmail.com,firefighter
663,Tera,Ball,Tera.Ball@yopmail.com,Tera.Ball@gmail.com,developer
664,Louella,Pip,Louella.Pip@yopmail.com,Louella.Pip@gmail.com,worker
665,Gale,Ardra,Gale.Ardra@yopmail.com,Gale.Ardra@gmail.com,developer
666,Meg,Poppy,Meg.Poppy@yopmail.com,Meg.Poppy@gmail.com,firefighter
667,Louella,Zina,Louella.Zina@yopmail.com,Louella.Zina@gmail.com,police officer
668,Bettine,Alrich,Bettine.Alrich@yopmail.com,Bettine.Alrich@gmail.com,developer
669,Priscilla,Bobbee,Priscilla.Bobbee@yopmail.com,Priscilla.Bobbee@gmail.com,police officer
670,Regina,Barrus,Regina.Barrus@yopmail.com,Regina.Barrus@gmail.com,doctor
671,Henriette,Dom,Henriette.Dom@yopmail.com,Henriette.Dom@gmail.com,doctor
672,Letizia,Bigner,Letizia.Bigner@yopmail.com,Letizia.Bigner@gmail.com,doctor
673,Monika,Scammon,Monika.Scammon@yopmail.com,Monika.Scammon@gmail.com,firefighter
674,Alyssa,Wadell,Alyssa.Wadell@yopmail.com,Alyssa.Wadell@gmail.com,worker
675,Janeczka,Douglass,Janeczka.Douglass@yopmail.com,Janeczka.Douglass@gmail.com,worker
676,Silvana,Kermit,Silvana.Kermit@yopmail.com,Silvana.Kermit@gmail.com,firefighter
677,Tami,Faria,Tami.Faria@yopmail.com,Tami.Faria@gmail.com,firefighter
678,Keelia,Brandice,Keelia.Brandice@yopmail.com,Keelia.Brandice@gmail.com,police officer
679,Willetta,Huggins,Willetta.Huggins@yopmail.com,Willetta.Huggins@gmail.com,firefighter
680,Sandie,Eugenia,Sandie.Eugenia@yopmail.com,Sandie.Eugenia@gmail.com,firefighter
681,Lorie,Cosenza,Lorie.Cosenza@yopmail.com,Lorie.Cosenza@gmail.com,police officer
682,Linet,Vary,Linet.Vary@yopmail.com,Linet.Vary@gmail.com,developer
683,Asia,Paton,Asia.Paton@yopmail.com,Asia.Paton@gmail.com,police officer
684,Zaria,Pozzy,Zaria.Pozzy@yopmail.com,Zaria.Pozzy@gmail.com,developer
685,Merrie,Gregrory,Merrie.Gregrory@yopmail.com,Merrie.Gregrory@gmail.com,developer
686,Kylynn,Kimmie,Kylynn.Kimmie@yopmail.com,Kylynn.Kimmie@gmail.com,police officer
687,Monika,Jacinda,Monika.Jacinda@yopmail.com,Monika.Jacinda@gmail.com,firefighter
688,Randa,Naashom,Randa.Naashom@yopmail.com,Randa.Naashom@gmail.com,developer
689,Nelle,Strephon,Nelle.Strephon@yopmail.com,Nelle.Strephon@gmail.com,firefighter
690,Sonni,Borrell,Sonni.Borrell@yopmail.com,Sonni.Borrell@gmail.com,firefighter
691,Giustina,Hirsch,Giustina.Hirsch@yopmail.com,Giustina.Hirsch@gmail.com,police officer
692,Alyssa,Rosette,Alyssa.Rosette@yopmail.com,Alyssa.Rosette@gmail.com,police officer
693,Amalie,Soneson,Amalie.Soneson@yopmail.com,Amalie.Soneson@gmail.com,developer
694,Perry,Baylor,Perry.Baylor@yopmail.com,Perry.Baylor@gmail.com,firefighter
695,Roseline,Jefferey,Roseline.Jefferey@yopmail.com,Roseline.Jefferey@gmail.com,police officer
696,Barbara,Hazlett,Barbara.Hazlett@yopmail.com,Barbara.Hazlett@gmail.com,developer
697,Siana,Hutchison,Siana.Hutchison@yopmail.com,Siana.Hutchison@gmail.com,police officer
698,Sophia,Tarrant,Sophia.Tarrant@yopmail.com,Sophia.Tarrant@gmail.com,worker
699,Leontine,Chapland,Leontine.Chapland@yopmail.com,Leontine.Chapland@gmail.com,police officer
700,Sonni,Gunn,Sonni.Gunn@yopmail.com,Sonni.Gunn@gmail.com,firefighter
701,Lynea,Hachmin,Lynea.Hachmin@yopmail.com,Lynea.Hachmin@gmail.com,worker
702,Dagmar,Nerita,Dagmar.Nerita@yopmail.com,Dagmar.Nerita@gmail.com,developer
703,Theodora,Aida,Theodora.Aida@yopmail.com,Theodora.Aida@gmail.com,worker
704,Roxane,Lia,Roxane.Lia@yopmail.com,Roxane.Lia@gmail.com,police officer
705,Pollyanna,Meli,Pollyanna.Meli@yopmail.com,Pollyanna.Meli@gmail.com,police officer
706,Dorene,Decato,Dorene.Decato@yopmail.com,Dorene.Decato@gmail.com,doctor
707,Fanny,Eldrid,Fanny.Eldrid@yopmail.com,Fanny.Eldrid@gmail.com,worker
708,Jessy,Riordan,Jessy.Riordan@yopmail.com,Jessy.Riordan@gmail.com,police officer
709,Fernande,Letsou,Fernande.Letsou@yopmail.com,Fernande.Letsou@gmail.com,police officer
710,Rhea,Ledah,Rhea.Ledah@yopmail.com,Rhea.Ledah@gmail.com,worker
711,Malina,Gilbertson,Malina.Gilbertson@yopmail.com,Malina.Gilbertson@gmail.com,firefighter
712,Emilia,Borrell,Emilia.Borrell@yopmail.com,Emilia.Borrell@gmail.com,firefighter
713,Arabel,Pond,Arabel.Pond@yopmail.com,Arabel.Pond@gmail.com,doctor
714,Catrina,Therine,Catrina.Therine@yopmail.com,Catrina.Therine@gmail.com,police officer
715,Alie,Merat,Alie.Merat@yopmail.com,Alie.Merat@gmail.com,doctor
716,Reeba,Margret,Reeba.Margret@yopmail.com,Reeba.Margret@gmail.com,doctor
717,Steffane,Deny,Steffane.Deny@yopmail.com,Steffane.Deny@gmail.com,police officer
718,Rori,Gunn,Rori.Gunn@yopmail.com,Rori.Gunn@gmail.com,developer
719,Paulita,Mitzi,Paulita.Mitzi@yopmail.com,Paulita.Mitzi@gmail.com,firefighter
720,Leeanne,Belanger,Leeanne.Belanger@yopmail.com,Leeanne.Belanger@gmail.com,worker
721,Sadie,Markman,Sadie.Markman@yopmail.com,Sadie.Markman@gmail.com,police officer
722,Kassey,Felecia,Kassey.Felecia@yopmail.com,Kassey.Felecia@gmail.com,doctor
723,Sashenka,Warthman,Sashenka.Warthman@yopmail.com,Sashenka.Warthman@gmail.com,firefighter
724,Corina,Newell,Corina.Newell@yopmail.com,Corina.Newell@gmail.com,worker
725,Adelle,Suk,Adelle.Suk@yopmail.com,Adelle.Suk@gmail.com,firefighter
726,Chastity,Calhoun,Chastity.Calhoun@yopmail.com,Chastity.Calhoun@gmail.com,worker
727,Dorice,Sharl,Dorice.Sharl@yopmail.com,Dorice.Sharl@gmail.com,firefighter
728,Larine,Gaspard,Larine.Gaspard@yopmail.com,Larine.Gaspard@gmail.com,firefighter
729,Karolina,Bashemeth,Karolina.Bashemeth@yopmail.com,Karolina.Bashemeth@gmail.com,police officer
730,Laurene,Han,Laurene.Han@yopmail.com,Laurene.Han@gmail.com,worker
731,Trudie,Braun,Trudie.Braun@yopmail.com,Trudie.Braun@gmail.com,worker
732,Elka,Kevon,Elka.Kevon@yopmail.com,Elka.Kevon@gmail.com,developer
733,Eolanda,Jenness,Eolanda.Jenness@yopmail.com,Eolanda.Jenness@gmail.com,police officer
734,Sidoney,Holbrook,Sidoney.Holbrook@yopmail.com,Sidoney.Holbrook@gmail.com,doctor
735,Theodora,Zuzana,Theodora.Zuzana@yopmail.com,Theodora.Zuzana@gmail.com,developer
736,Nyssa,Maiah,Nyssa.Maiah@yopmail.com,Nyssa.Maiah@gmail.com,developer
737,Desirae,Buffum,Desirae.Buffum@yopmail.com,Desirae.Buffum@gmail.com,police officer
738,Stevana,Trinetta,Stevana.Trinetta@yopmail.com,Stevana.Trinetta@gmail.com,police officer
739,Fredericka,Bryna,Fredericka.Bryna@yopmail.com,Fredericka.Bryna@gmail.com,police officer
740,Bernardine,Couture,Bernardine.Couture@yopmail.com,Bernardine.Couture@gmail.com,police officer
741,Stevana,Howlyn,Stevana.Howlyn@yopmail.com,Stevana.Howlyn@gmail.com,worker
742,Sean,Connelly,Sean.Connelly@yopmail.com,Sean.Connelly@gmail.com,police officer
743,Glynnis,Danby,Glynnis.Danby@yopmail.com,Glynnis.Danby@gmail.com,firefighter
744,Katuscha,Lumbard,Katuscha.Lumbard@yopmail.com,Katuscha.Lumbard@gmail.com,doctor
745,Amalie,Gombach,Amalie.Gombach@yopmail.com,Amalie.Gombach@gmail.com,police officer
746,Karena,Hunfredo,Karena.Hunfredo@yopmail.com,Karena.Hunfredo@gmail.com,firefighter
747,Valeda,Bashemeth,Valeda.Bashemeth@yopmail.com,Valeda.Bashemeth@gmail.com,worker
748,Mahalia,Argus,Mahalia.Argus@yopmail.com,Mahalia.Argus@gmail.com,firefighter
749,Janis,Brady,Janis.Brady@yopmail.com,Janis.Brady@gmail.com,police officer
750,Ingrid,Byrne,Ingrid.Byrne@yopmail.com,Ingrid.Byrne@gmail.com,doctor
751,Viviene,Chrystel,Viviene.Chrystel@yopmail.com,Viviene.Chrystel@gmail.com,doctor
752,Deedee,Nikaniki,Deedee.Nikaniki@yopmail.com,Deedee.Nikaniki@gmail.com,developer
753,Jacquetta,Ferino,Jacquetta.Ferino@yopmail.com,Jacquetta.Ferino@gmail.com,police officer
754,Lynnea,Colp,Lynnea.Colp@yopmail.com,Lynnea.Colp@gmail.com,firefighter
755,Bertine,Shields,Bertine.Shields@yopmail.com,Bertine.Shields@gmail.com,worker
756,Belva,Nisbet,Belva.Nisbet@yopmail.com,Belva.Nisbet@gmail.com,police officer
757,Nyssa,Kermit,Nyssa.Kermit@yopmail.com,Nyssa.Kermit@gmail.com,firefighter
758,Kerrin,Faust,Kerrin.Faust@yopmail.com,Kerrin.Faust@gmail.com,doctor
759,Hope,Felizio,Hope.Felizio@yopmail.com,Hope.Felizio@gmail.com,worker
760,Emylee,Vilma,Emylee.Vilma@yopmail.com,Emylee.Vilma@gmail.com,worker
761,Lynea,Rillings,Lynea.Rillings@yopmail.com,Lynea.Rillings@gmail.com,worker
762,Tani,Vary,Tani.Vary@yopmail.com,Tani.Vary@gmail.com,firefighter
763,Cassandra,Ferrell,Cassandra.Ferrell@yopmail.com,Cassandra.Ferrell@gmail.com,doctor
764,Kristina,Christine,Kristina.Christine@yopmail.com,Kristina.Christine@gmail.com,firefighter
765,Carol-Jean,Schroth,Carol-Jean.Schroth@yopmail.com,Carol-Jean.Schroth@gmail.com,developer
766,Dari,Clie,Dari.Clie@yopmail.com,Dari.Clie@gmail.com,police officer
767,Lorenza,Nicoline,Lorenza.Nicoline@yopmail.com,Lorenza.Nicoline@gmail.com,worker
768,Ginnie,Stefa,Ginnie.Stefa@yopmail.com,Ginnie.Stefa@gmail.com,firefighter
769,Ellette,Karna,Ellette.Karna@yopmail.com,Ellette.Karna@gmail.com,police officer
770,Vonny,Alisia,Vonny.Alisia@yopmail.com,Vonny.Alisia@gmail.com,firefighter
771,Mahalia,Monaco,Mahalia.Monaco@yopmail.com,Mahalia.Monaco@gmail.com,police officer
772,Bee,Iiette,Bee.Iiette@yopmail.com,Bee.Iiette@gmail.com,doctor
773,Iseabal,Jarib,Iseabal.Jarib@yopmail.com,Iseabal.Jarib@gmail.com,developer
774,Daryl,Chick,Daryl.Chick@yopmail.com,Daryl.Chick@gmail.com,doctor
775,Annice,Raseda,Annice.Raseda@yopmail.com,Annice.Raseda@gmail.com,developer
776,Carmencita,Aurelio,Carmencita.Aurelio@yopmail.com,Carmencita.Aurelio@gmail.com,doctor
777,Wynne,Hessler,Wynne.Hessler@yopmail.com,Wynne.Hessler@gmail.com,firefighter
778,Wilma,Edvard,Wilma.Edvard@yopmail.com,Wilma.Edvard@gmail.com,firefighter
779,Andeee,Vernier,Andeee.Vernier@yopmail.com,Andeee.Vernier@gmail.com,doctor
780,Olivette,Alice,Olivette.Alice@yopmail.com,Olivette.Alice@gmail.com,police officer
781,Brietta,Colyer,Brietta.Colyer@yopmail.com,Brietta.Colyer@gmail.com,firefighter
782,Rozele,Giule,Rozele.Giule@yopmail.com,Rozele.Giule@gmail.com,worker
783,Madeleine,Kamaria,Madeleine.Kamaria@yopmail.com,Madeleine.Kamaria@gmail.com,worker
784,Adore,Vivle,Adore.Vivle@yopmail.com,Adore.Vivle@gmail.com,firefighter
785,Lucy,Roche,Lucy.Roche@yopmail.com,Lucy.Roche@gmail.com,police officer
786,Bertine,Gillan,Bertine.Gillan@yopmail.com,Bertine.Gillan@gmail.com,developer
787,Melina,Maribeth,Melina.Maribeth@yopmail.com,Melina.Maribeth@gmail.com,developer
788,Shirlee,Glovsky,Shirlee.Glovsky@yopmail.com,Shirlee.Glovsky@gmail.com,developer
789,Kassey,Kiyoshi,Kassey.Kiyoshi@yopmail.com,Kassey.Kiyoshi@gmail.com,firefighter
790,Etta,Stephie,Etta.Stephie@yopmail.com,Etta.Stephie@gmail.com,firefighter
791,Almeta,Rooney,Almeta.Rooney@yopmail.com,Almeta.Rooney@gmail.com,developer
792,Charlena,Cristi,Charlena.Cristi@yopmail.com,Charlena.Cristi@gmail.com,worker
793,Claudina,Annabella,Claudina.Annabella@yopmail.com,Claudina.Annabella@gmail.com,police officer
794,Violet,Lalitta,Violet.Lalitta@yopmail.com,Violet.Lalitta@gmail.com,police officer
795,Briney,Peonir,Briney.Peonir@yopmail.com,Briney.Peonir@gmail.com,worker
796,Gloria,Revkah,Gloria.Revkah@yopmail.com,Gloria.Revkah@gmail.com,developer
797,Deane,Eiser,Deane.Eiser@yopmail.com,Deane.Eiser@gmail.com,worker
798,Sybille,Konyn,Sybille.Konyn@yopmail.com,Sybille.Konyn@gmail.com,worker
799,Karolina,Birdella,Karolina.Birdella@yopmail.com,Karolina.Birdella@gmail.com,doctor
800,Alie,Marden,Alie.Marden@yopmail.com,Alie.Marden@gmail.com,worker
801,Daphne,Ackerley,Daphne.Ackerley@yopmail.com,Daphne.Ackerley@gmail.com,police officer
802,Sibella,Ader,Sibella.Ader@yopmail.com,Sibella.Ader@gmail.com,firefighter
803,Aurore,Lattie,Aurore.Lattie@yopmail.com,Aurore.Lattie@gmail.com,doctor
804,Karlee,Mallon,Karlee.Mallon@yopmail.com,Karlee.Mallon@gmail.com,developer
805,Basia,Pattin,Basia.Pattin@yopmail.com,Basia.Pattin@gmail.com,police officer
806,Vevay,Blase,Vevay.Blase@yopmail.com,Vevay.Blase@gmail.com,doctor
807,Kathy,Mata,Kathy.Mata@yopmail.com,Kathy.Mata@gmail.com,doctor
808,Alia,My,Alia.My@yopmail.com,Alia.My@gmail.com,developer
809,Jobi,Gordon,Jobi.Gordon@yopmail.com,Jobi.Gordon@gmail.com,firefighter
810,Fanny,Blake,Fanny.Blake@yopmail.com,Fanny.Blake@gmail.com,police officer
811,Anica,Truc,Anica.Truc@yopmail.com,Anica.Truc@gmail.com,doctor
812,Celisse,Orpah,Celisse.Orpah@yopmail.com,Celisse.Orpah@gmail.com,developer
813,Tobe,Wooster,Tobe.Wooster@yopmail.com,Tobe.Wooster@gmail.com,firefighter
814,Grier,Maurine,Grier.Maurine@yopmail.com,Grier.Maurine@gmail.com,firefighter
815,Oona,Gahl,Oona.Gahl@yopmail.com,Oona.Gahl@gmail.com,doctor
816,Jennica,Fry,Jennica.Fry@yopmail.com,Jennica.Fry@gmail.com,police officer
817,Kirbee,Pelagias,Kirbee.Pelagias@yopmail.com,Kirbee.Pelagias@gmail.com,doctor
818,Phylis,Plato,Phylis.Plato@yopmail.com,Phylis.Plato@gmail.com,firefighter
819,Nanete,Lea,Nanete.Lea@yopmail.com,Nanete.Lea@gmail.com,doctor
820,Drucie,Ailyn,Drucie.Ailyn@yopmail.com,Drucie.Ailyn@gmail.com,worker
821,Ebonee,Joachim,Ebonee.Joachim@yopmail.com,Ebonee.Joachim@gmail.com,doctor
822,Meghann,Jaylene,Meghann.Jaylene@yopmail.com,Meghann.Jaylene@gmail.com,developer
823,Maurene,Kirbee,Maurene.Kirbee@yopmail.com,Maurene.Kirbee@gmail.com,doctor
824,Elena,Ovid,Elena.Ovid@yopmail.com,Elena.Ovid@gmail.com,doctor
825,Lorne,Borrell,Lorne.Borrell@yopmail.com,Lorne.Borrell@gmail.com,police officer
826,Merry,Guthrie,Merry.Guthrie@yopmail.com,Merry.Guthrie@gmail.com,developer
827,Dyann,Cosenza,Dyann.Cosenza@yopmail.com,Dyann.Cosenza@gmail.com,firefighter
828,Sharai,Secrest,Sharai.Secrest@yopmail.com,Sharai.Secrest@gmail.com,doctor
829,Winifred,Merna,Winifred.Merna@yopmail.com,Winifred.Merna@gmail.com,firefighter
830,Nataline,Esmaria,Nataline.Esmaria@yopmail.com,Nataline.Esmaria@gmail.com,firefighter
831,Goldie,Ade,Goldie.Ade@yopmail.com,Goldie.Ade@gmail.com,worker
832,Jillayne,Socha,Jillayne.Socha@yopmail.com,Jillayne.Socha@gmail.com,doctor
833,Odessa,Amand,Odessa.Amand@yopmail.com,Odessa.Amand@gmail.com,police officer
834,Roslyn,Hurley,Roslyn.Hurley@yopmail.com,Roslyn.Hurley@gmail.com,developer
835,Michaelina,Zrike,Michaelina.Zrike@yopmail.com,Michaelina.Zrike@gmail.com,firefighter
836,Penelopa,Philipp,Penelopa.Philipp@yopmail.com,Penelopa.Philipp@gmail.com,worker
837,Riannon,Crudden,Riannon.Crudden@yopmail.com,Riannon.Crudden@gmail.com,developer
838,Wanda,Felizio,Wanda.Felizio@yopmail.com,Wanda.Felizio@gmail.com,police officer
839,Candy,Dudley,Candy.Dudley@yopmail.com,Candy.Dudley@gmail.com,worker
840,Susette,Waite,Susette.Waite@yopmail.com,Susette.Waite@gmail.com,police officer
841,Agathe,Fleeta,Agathe.Fleeta@yopmail.com,Agathe.Fleeta@gmail.com,worker
842,Olivette,Campball,Olivette.Campball@yopmail.com,Olivette.Campball@gmail.com,firefighter
843,Kaia,Bury,Kaia.Bury@yopmail.com,Kaia.Bury@gmail.com,firefighter
844,Carolina,Keelia,Carolina.Keelia@yopmail.com,Carolina.Keelia@gmail.com,developer
845,Daryl,Scammon,Daryl.Scammon@yopmail.com,Daryl.Scammon@gmail.com,firefighter
846,Wileen,Euridice,Wileen.Euridice@yopmail.com,Wileen.Euridice@gmail.com,police officer
847,Shaylyn,Pandolfi,Shaylyn.Pandolfi@yopmail.com,Shaylyn.Pandolfi@gmail.com,police officer
848,Ayn,Vernier,Ayn.Vernier@yopmail.com,Ayn.Vernier@gmail.com,developer
849,Christy,Ardeha,Christy.Ardeha@yopmail.com,Christy.Ardeha@gmail.com,developer
850,Fredericka,Ochs,Fredericka.Ochs@yopmail.com,Fredericka.Ochs@gmail.com,police officer
851,Lynde,Chinua,Lynde.Chinua@yopmail.com,Lynde.Chinua@gmail.com,worker
852,Fawne,Narton,Fawne.Narton@yopmail.com,Fawne.Narton@gmail.com,doctor
853,Shaine,Sophronia,Shaine.Sophronia@yopmail.com,Shaine.Sophronia@gmail.com,police officer
854,Beth,Mintz,Beth.Mintz@yopmail.com,Beth.Mintz@gmail.com,worker
855,Reeba,Brieta,Reeba.Brieta@yopmail.com,Reeba.Brieta@gmail.com,firefighter
856,Brynna,Erminia,Brynna.Erminia@yopmail.com,Brynna.Erminia@gmail.com,developer
857,Drucie,Horan,Drucie.Horan@yopmail.com,Drucie.Horan@gmail.com,firefighter
858,Brandise,Nerita,Brandise.Nerita@yopmail.com,Brandise.Nerita@gmail.com,developer
859,Lusa,Iiette,Lusa.Iiette@yopmail.com,Lusa.Iiette@gmail.com,firefighter
860,Melodie,Wesle,Melodie.Wesle@yopmail.com,Melodie.Wesle@gmail.com,police officer
861,Gilda,Skell,Gilda.Skell@yopmail.com,Gilda.Skell@gmail.com,developer
862,Kore,Marden,Kore.Marden@yopmail.com,Kore.Marden@gmail.com,doctor
863,Mellicent,Herrera,Mellicent.Herrera@yopmail.com,Mellicent.Herrera@gmail.com,worker
864,Tracey,Phaidra,Tracey.Phaidra@yopmail.com,Tracey.Phaidra@gmail.com,worker
865,Rosaline,Prober,Rosaline.Prober@yopmail.com,Rosaline.Prober@gmail.com,worker
866,Agnese,Bertold,Agnese.Bertold@yopmail.com,Agnese.Bertold@gmail.com,worker
867,Lucille,Serilda,Lucille.Serilda@yopmail.com,Lucille.Serilda@gmail.com,firefighter
868,Althea,Jaylene,Althea.Jaylene@yopmail.com,Althea.Jaylene@gmail.com,police officer
869,Renae,Neils,Renae.Neils@yopmail.com,Renae.Neils@gmail.com,developer
870,Agathe,Boycey,Agathe.Boycey@yopmail.com,Agathe.Boycey@gmail.com,police officer
871,Feliza,Kenwood,Feliza.Kenwood@yopmail.com,Feliza.Kenwood@gmail.com,police officer
872,Sara-Ann,Cath,Sara-Ann.Cath@yopmail.com,Sara-Ann.Cath@gmail.com,worker
873,Jerry,Annabella,Jerry.Annabella@yopmail.com,Jerry.Annabella@gmail.com,doctor
874,Margette,Kannry,Margette.Kannry@yopmail.com,Margette.Kannry@gmail.com,firefighter
875,Valera,Fillbert,Valera.Fillbert@yopmail.com,Valera.Fillbert@gmail.com,firefighter
876,Wendi,Kathie,Wendi.Kathie@yopmail.com,Wendi.Kathie@gmail.com,doctor
877,Kathi,Sharl,Kathi.Sharl@yopmail.com,Kathi.Sharl@gmail.com,developer
878,Estell,Margarete,Estell.Margarete@yopmail.com,Estell.Margarete@gmail.com,firefighter
879,Dennie,Miru,Dennie.Miru@yopmail.com,Dennie.Miru@gmail.com,police officer
880,Amalie,Rolf,Amalie.Rolf@yopmail.com,Amalie.Rolf@gmail.com,doctor
881,Lulita,Saint,Lulita.Saint@yopmail.com,Lulita.Saint@gmail.com,developer
882,Rhea,Alcott,Rhea.Alcott@yopmail.com,Rhea.Alcott@gmail.com,developer
883,Dorthy,Madaih,Dorthy.Madaih@yopmail.com,Dorthy.Madaih@gmail.com,police officer
884,Jany,Oriana,Jany.Oriana@yopmail.com,Jany.Oriana@gmail.com,doctor
885,Amii,Strephon,Amii.Strephon@yopmail.com,Amii.Strephon@gmail.com,developer
886,Barbara,O'Carroll,Barbara.O'Carroll@yopmail.com,Barbara.O'Carroll@gmail.com,doctor
887,Delilah,Gower,Delilah.Gower@yopmail.com,Delilah.Gower@gmail.com,police officer
888,Misha,Magdalen,Misha.Magdalen@yopmail.com,Misha.Magdalen@gmail.com,developer
889,Ezmeralda,Girardo,Ezmeralda.Girardo@yopmail.com,Ezmeralda.Girardo@gmail.com,worker
890,Maisey,Kazimir,Maisey.Kazimir@yopmail.com,Maisey.Kazimir@gmail.com,worker
891,Annecorinne,Devlen,Annecorinne.Devlen@yopmail.com,Annecorinne.Devlen@gmail.com,developer
892,Eugine,Darian,Eugine.Darian@yopmail.com,Eugine.Darian@gmail.com,worker
893,Lauryn,Valerio,Lauryn.Valerio@yopmail.com,Lauryn.Valerio@gmail.com,doctor
894,Jorry,Zuzana,Jorry.Zuzana@yopmail.com,Jorry.Zuzana@gmail.com,police officer
895,Rani,Thomasina,Rani.Thomasina@yopmail.com,Rani.Thomasina@gmail.com,developer
896,Marline,Maroney,Marline.Maroney@yopmail.com,Marline.Maroney@gmail.com,firefighter
897,Rebeca,Karl,Rebeca.Karl@yopmail.com,Rebeca.Karl@gmail.com,firefighter
898,Lexine,Daegal,Lexine.Daegal@yopmail.com,Lexine.Daegal@gmail.com,developer
899,Clementine,Roscoe,Clementine.Roscoe@yopmail.com,Clementine.Roscoe@gmail.com,firefighter
900,Atlanta,Suk,Atlanta.Suk@yopmail.com,Atlanta.Suk@gmail.com,police officer
901,Sarette,Tiffa,Sarette.Tiffa@yopmail.com,Sarette.Tiffa@gmail.com,developer
902,Rubie,Lumbard,Rubie.Lumbard@yopmail.com,Rubie.Lumbard@gmail.com,worker
903,Kamilah,Jerald,Kamilah.Jerald@yopmail.com,Kamilah.Jerald@gmail.com,police officer
904,Lizzie,Dulciana,Lizzie.Dulciana@yopmail.com,Lizzie.Dulciana@gmail.com,worker
905,Roberta,Hartnett,Roberta.Hartnett@yopmail.com,Roberta.Hartnett@gmail.com,firefighter
906,Deirdre,Lalitta,Deirdre.Lalitta@yopmail.com,Deirdre.Lalitta@gmail.com,police officer
907,Brianna,Armanda,Brianna.Armanda@yopmail.com,Brianna.Armanda@gmail.com,doctor
908,Lindie,Merriott,Lindie.Merriott@yopmail.com,Lindie.Merriott@gmail.com,police officer
909,Kerrin,Mata,Kerrin.Mata@yopmail.com,Kerrin.Mata@gmail.com,worker
910,Ingrid,Palocz,Ingrid.Palocz@yopmail.com,Ingrid.Palocz@gmail.com,worker
911,Jan,Ferrell,Jan.Ferrell@yopmail.com,Jan.Ferrell@gmail.com,firefighter
912,Maryellen,Primalia,Maryellen.Primalia@yopmail.com,Maryellen.Primalia@gmail.com,worker
913,Aaren,Howlyn,Aaren.Howlyn@yopmail.com,Aaren.Howlyn@gmail.com,worker
914,Lucille,Frendel,Lucille.Frendel@yopmail.com,Lucille.Frendel@gmail.com,developer
915,Tori,Vale,Tori.Vale@yopmail.com,Tori.Vale@gmail.com,worker
916,Phedra,Ferino,Phedra.Ferino@yopmail.com,Phedra.Ferino@gmail.com,worker
917,Myrtice,Barrus,Myrtice.Barrus@yopmail.com,Myrtice.Barrus@gmail.com,police officer
918,Charmaine,Emanuel,Charmaine.Emanuel@yopmail.com,Charmaine.Emanuel@gmail.com,worker
919,Tracey,Gombach,Tracey.Gombach@yopmail.com,Tracey.Gombach@gmail.com,firefighter
920,Kittie,Aloise,Kittie.Aloise@yopmail.com,Kittie.Aloise@gmail.com,firefighter
921,Alexine,Morehouse,Alexine.Morehouse@yopmail.com,Alexine.Morehouse@gmail.com,developer
922,Elie,Adalbert,Elie.Adalbert@yopmail.com,Elie.Adalbert@gmail.com,developer
923,Eadie,Stanwood,Eadie.Stanwood@yopmail.com,Eadie.Stanwood@gmail.com,doctor
924,Anallese,Bord,Anallese.Bord@yopmail.com,Anallese.Bord@gmail.com,firefighter
925,Merle,Lareena,Merle.Lareena@yopmail.com,Merle.Lareena@gmail.com,doctor
926,Cathie,Uird,Cathie.Uird@yopmail.com,Cathie.Uird@gmail.com,firefighter
927,Tina,Connelly,Tina.Connelly@yopmail.com,Tina.Connelly@gmail.com,doctor
928,Moyna,Adlare,Moyna.Adlare@yopmail.com,Moyna.Adlare@gmail.com,worker
929,Carlie,Slifka,Carlie.Slifka@yopmail.com,Carlie.Slifka@gmail.com,doctor
930,Berget,Ader,Berget.Ader@yopmail.com,Berget.Ader@gmail.com,firefighter
931,Amalie,Chick,Amalie.Chick@yopmail.com,Amalie.Chick@gmail.com,developer
932,Bernie,Nisbet,Bernie.Nisbet@yopmail.com,Bernie.Nisbet@gmail.com,worker
933,Merci,Estella,Merci.Estella@yopmail.com,Merci.Estella@gmail.com,worker
934,Nessie,Raffo,Nessie.Raffo@yopmail.com,Nessie.Raffo@gmail.com,police officer
935,Kayla,Cordi,Kayla.Cordi@yopmail.com,Kayla.Cordi@gmail.com,firefighter
936,Zondra,Eldrid,Zondra.Eldrid@yopmail.com,Zondra.Eldrid@gmail.com,doctor
937,Quintina,Linskey,Quintina.Linskey@yopmail.com,Quintina.Linskey@gmail.com,worker
938,Marcy,Krystle,Marcy.Krystle@yopmail.com,Marcy.Krystle@gmail.com,developer
939,Ursulina,Publia,Ursulina.Publia@yopmail.com,Ursulina.Publia@gmail.com,police officer
940,Jordan,Grimbly,Jordan.Grimbly@yopmail.com,Jordan.Grimbly@gmail.com,police officer
941,Tonia,Margarete,Tonia.Margarete@yopmail.com,Tonia.Margarete@gmail.com,developer
942,Etta,Land,Etta.Land@yopmail.com,Etta.Land@gmail.com,worker
943,Jeanna,Garlinda,Jeanna.Garlinda@yopmail.com,Jeanna.Garlinda@gmail.com,doctor
944,Gerianna,Gahl,Gerianna.Gahl@yopmail.com,Gerianna.Gahl@gmail.com,developer
945,Hope,Chabot,Hope.Chabot@yopmail.com,Hope.Chabot@gmail.com,doctor
946,Beatriz,Erich,Beatriz.Erich@yopmail.com,Beatriz.Erich@gmail.com,firefighter
947,Ira,Eachern,Ira.Eachern@yopmail.com,Ira.Eachern@gmail.com,firefighter
948,Sam,Izaak,Sam.Izaak@yopmail.com,Sam.Izaak@gmail.com,worker
949,Maisey,Sherrie,Maisey.Sherrie@yopmail.com,Maisey.Sherrie@gmail.com,developer
950,Wanda,Raul,Wanda.Raul@yopmail.com,Wanda.Raul@gmail.com,doctor
951,Ira,Kendrick,Ira.Kendrick@yopmail.com,Ira.Kendrick@gmail.com,worker
952,Peri,Blake,Peri.Blake@yopmail.com,Peri.Blake@gmail.com,firefighter
953,Selma,Clie,Selma.Clie@yopmail.com,Selma.Clie@gmail.com,developer
954,Sharlene,Bebe,Sharlene.Bebe@yopmail.com,Sharlene.Bebe@gmail.com,developer
955,Siana,Percy,Siana.Percy@yopmail.com,Siana.Percy@gmail.com,doctor
956,Amalie,Gerge,Amalie.Gerge@yopmail.com,Amalie.Gerge@gmail.com,developer
957,Lorenza,Geffner,Lorenza.Geffner@yopmail.com,Lorenza.Geffner@gmail.com,police officer
958,Shandie,Cressida,Shandie.Cressida@yopmail.com,Shandie.Cressida@gmail.com,developer
959,Shell,Tybald,Shell.Tybald@yopmail.com,Shell.Tybald@gmail.com,firefighter
960,Penelopa,Eugenia,Penelopa.Eugenia@yopmail.com,Penelopa.Eugenia@gmail.com,doctor
961,Karolina,Chem,Karolina.Chem@yopmail.com,Karolina.Chem@gmail.com,firefighter
962,Etta,Jena,Etta.Jena@yopmail.com,Etta.Jena@gmail.com,doctor
963,Evita,Edmund,Evita.Edmund@yopmail.com,Evita.Edmund@gmail.com,police officer
964,Heddie,Vary,Heddie.Vary@yopmail.com,Heddie.Vary@gmail.com,police officer
965,Charlena,Leler,Charlena.Leler@yopmail.com,Charlena.Leler@gmail.com,developer
966,Nita,Kravits,Nita.Kravits@yopmail.com,Nita.Kravits@gmail.com,worker
967,Carree,Elsinore,Carree.Elsinore@yopmail.com,Carree.Elsinore@gmail.com,police officer
968,Delilah,Rodmann,Delilah.Rodmann@yopmail.com,Delilah.Rodmann@gmail.com,firefighter
969,Kristan,Sandye,Kristan.Sandye@yopmail.com,Kristan.Sandye@gmail.com,worker
970,Tybie,Urania,Tybie.Urania@yopmail.com,Tybie.Urania@gmail.com,developer
971,Jinny,Faria,Jinny.Faria@yopmail.com,Jinny.Faria@gmail.com,doctor
972,Johna,Alrich,Johna.Alrich@yopmail.com,Johna.Alrich@gmail.com,doctor
973,Lelah,Munn,Lelah.Munn@yopmail.com,Lelah.Munn@gmail.com,worker
974,Fanchon,Hieronymus,Fanchon.Hieronymus@yopmail.com,Fanchon.Hieronymus@gmail.com,police officer
975,Cherilyn,Turne,Cherilyn.Turne@yopmail.com,Cherilyn.Turne@gmail.com,police officer
976,Meghann,Rubie,Meghann.Rubie@yopmail.com,Meghann.Rubie@gmail.com,worker
977,Suzette,Ventre,Suzette.Ventre@yopmail.com,Suzette.Ventre@gmail.com,firefighter
978,Sharai,Chem,Sharai.Chem@yopmail.com,Sharai.Chem@gmail.com,firefighter
979,Stevana,Wind,Stevana.Wind@yopmail.com,Stevana.Wind@gmail.com,developer
980,Constance,Aldric,Constance.Aldric@yopmail.com,Constance.Aldric@gmail.com,worker
981,Max,Caitlin,Max.Caitlin@yopmail.com,Max.Caitlin@gmail.com,worker
982,Nelle,Seumas,Nelle.Seumas@yopmail.com,Nelle.Seumas@gmail.com,developer
983,Hannis,Rudolph,Hannis.Rudolph@yopmail.com,Hannis.Rudolph@gmail.com,firefighter
984,Leanna,Jeanne,Leanna.Jeanne@yopmail.com,Leanna.Jeanne@gmail.com,doctor
985,Aimil,Publia,Aimil.Publia@yopmail.com,Aimil.Publia@gmail.com,firefighter
986,Stephanie,Fiester,Stephanie.Fiester@yopmail.com,Stephanie.Fiester@gmail.com,police officer
987,Steffane,Rubie,Steffane.Rubie@yopmail.com,Steffane.Rubie@gmail.com,worker
988,Alameda,Schwejda,Alameda.Schwejda@yopmail.com,Alameda.Schwejda@gmail.com,firefighter
989,Aeriela,Noman,Aeriela.Noman@yopmail.com,Aeriela.Noman@gmail.com,developer
990,Tabbatha,MacIntosh,Tabbatha.MacIntosh@yopmail.com,Tabbatha.MacIntosh@gmail.com,firefighter
991,Kial,Hailee,Kial.Hailee@yopmail.com,Kial.Hailee@gmail.com,firefighter
992,Kathy,Brandice,Kathy.Brandice@yopmail.com,Kathy.Brandice@gmail.com,developer
993,Blinni,Gusella,Blinni.Gusella@yopmail.com,Blinni.Gusella@gmail.com,firefighter
994,Ethel,Doig,Ethel.Doig@yopmail.com,Ethel.Doig@gmail.com,developer
995,Valeda,Helve,Valeda.Helve@yopmail.com,Valeda.Helve@gmail.com,firefighter
996,Kayla,Jerold,Kayla.Jerold@yopmail.com,Kayla.Jerold@gmail.com,worker
997,Shirlee,Cutlerr,Shirlee.Cutlerr@yopmail.com,Shirlee.Cutlerr@gmail.com,developer
998,Bibby,Sinegold,Bibby.Sinegold@yopmail.com,Bibby.Sinegold@gmail.com,developer
999,Claudina,Drisko,Claudina.Drisko@yopmail.com,Claudina.Drisko@gmail.com,police officer
1000,Hallie,Adrienne,Hallie.Adrienne@yopmail.com,Hallie.Adrienne@gmail.com,doctor
1001,Jaime,Harday,Jaime.Harday@yopmail.com,Jaime.Harday@gmail.com,developer
1002,Eve,Brittani,Eve.Brittani@yopmail.com,Eve.Brittani@gmail.com,developer
1003,Atlanta,Read,Atlanta.Read@yopmail.com,Atlanta.Read@gmail.com,firefighter
1004,Lanae,Alexandr,Lanae.Alexandr@yopmail.com,Lanae.Alexandr@gmail.com,firefighter
1005,Esmeralda,Croix,Esmeralda.Croix@yopmail.com,Esmeralda.Croix@gmail.com,worker
1006,Penelopa,Croix,Penelopa.Croix@yopmail.com,Penelopa.Croix@gmail.com,worker
1007,Fawne,Iphlgenia,Fawne.Iphlgenia@yopmail.com,Fawne.Iphlgenia@gmail.com,developer
1008,Alameda,Lorain,Alameda.Lorain@yopmail.com,Alameda.Lorain@gmail.com,doctor
1009,Lonnie,Joli,Lonnie.Joli@yopmail.com,Lonnie.Joli@gmail.com,police officer
1010,Paule,Brieta,Paule.Brieta@yopmail.com,Paule.Brieta@gmail.com,worker
1011,Lucy,Guildroy,Lucy.Guildroy@yopmail.com,Lucy.Guildroy@gmail.com,police officer
1012,Tina,Cohdwell,Tina.Cohdwell@yopmail.com,Tina.Cohdwell@gmail.com,developer
1013,Tilly,Kress,Tilly.Kress@yopmail.com,Tilly.Kress@gmail.com,worker
1014,Ursulina,Graig,Ursulina.Graig@yopmail.com,Ursulina.Graig@gmail.com,police officer
1015,Hermione,Evangelia,Hermione.Evangelia@yopmail.com,Hermione.Evangelia@gmail.com,developer
1016,Aaren,Juan,Aaren.Juan@yopmail.com,Aaren.Juan@gmail.com,worker
1017,Ginnie,Ledah,Ginnie.Ledah@yopmail.com,Ginnie.Ledah@gmail.com,developer
1018,Mamie,Artie,Mamie.Artie@yopmail.com,Mamie.Artie@gmail.com,worker
1019,Merry,Ietta,Merry.Ietta@yopmail.com,Merry.Ietta@gmail.com,doctor
1020,Melanie,Hylan,Melanie.Hylan@yopmail.com,Melanie.Hylan@gmail.com,developer
1021,Hettie,Niccolo,Hettie.Niccolo@yopmail.com,Hettie.Niccolo@gmail.com,developer
1022,Genovera,Buckler,Genovera.Buckler@yopmail.com,Genovera.Buckler@gmail.com,worker
1023,Dyann,Susannah,Dyann.Susannah@yopmail.com,Dyann.Susannah@gmail.com,police officer
1024,Gwenneth,Seligman,Gwenneth.Seligman@yopmail.com,Gwenneth.Seligman@gmail.com,police officer
1025,Donetta,Darian,Donetta.Darian@yopmail.com,Donetta.Darian@gmail.com,police officer
1026,Jillayne,Shields,Jillayne.Shields@yopmail.com,Jillayne.Shields@gmail.com,worker
1027,Corry,Screens,Corry.Screens@yopmail.com,Corry.Screens@gmail.com,police officer
1028,Danika,Raychel,Danika.Raychel@yopmail.com,Danika.Raychel@gmail.com,firefighter
1029,Dorice,Joni,Dorice.Joni@yopmail.com,Dorice.Joni@gmail.com,worker
1030,Caressa,Florina,Caressa.Florina@yopmail.com,Caressa.Florina@gmail.com,doctor
1031,Flory,Gherardo,Flory.Gherardo@yopmail.com,Flory.Gherardo@gmail.com,police officer
1032,Amalie,Rad,Amalie.Rad@yopmail.com,Amalie.Rad@gmail.com,police officer
1033,Elora,Erminia,Elora.Erminia@yopmail.com,Elora.Erminia@gmail.com,doctor
1034,Clementine,Stuart,Clementine.Stuart@yopmail.com,Clementine.Stuart@gmail.com,police officer
1035,Mariele,Stefa,Mariele.Stefa@yopmail.com,Mariele.Stefa@gmail.com,doctor
1036,Tamqrah,Romelda,Tamqrah.Romelda@yopmail.com,Tamqrah.Romelda@gmail.com,police officer
1037,Aaren,Monaco,Aaren.Monaco@yopmail.com,Aaren.Monaco@gmail.com,firefighter
1038,Linet,Henrie,Linet.Henrie@yopmail.com,Linet.Henrie@gmail.com,firefighter
1039,Larine,Ulphia,Larine.Ulphia@yopmail.com,Larine.Ulphia@gmail.com,worker
1040,Ulrike,Calhoun,Ulrike.Calhoun@yopmail.com,Ulrike.Calhoun@gmail.com,police officer
1041,Gale,Ephrem,Gale.Ephrem@yopmail.com,Gale.Ephrem@gmail.com,developer
1042,Florencia,Shelba,Florencia.Shelba@yopmail.com,Florencia.Shelba@gmail.com,developer
1043,Lynde,Rurik,Lynde.Rurik@yopmail.com,Lynde.Rurik@gmail.com,police officer
1044,Teriann,Valoniah,Teriann.Valoniah@yopmail.com,Teriann.Valoniah@gmail.com,firefighter
1045,Suzette,Lamoree,Suzette.Lamoree@yopmail.com,Suzette.Lamoree@gmail.com,firefighter
1046,Melina,Dawkins,Melina.Dawkins@yopmail.com,Melina.Dawkins@gmail.com,worker
1047,Gerrie,Philipp,Gerrie.Philipp@yopmail.com,Gerrie.Philipp@gmail.com,worker
1048,Aurore,Hilbert,Aurore.Hilbert@yopmail.com,Aurore.Hilbert@gmail.com,worker
1049,Ginnie,Artie,Ginnie.Artie@yopmail.com,Ginnie.Artie@gmail.com,developer
1050,Taffy,Fillbert,Taffy.Fillbert@yopmail.com,Taffy.Fillbert@gmail.com,firefighter
1051,Rosanne,Ade,Rosanne.Ade@yopmail.com,Rosanne.Ade@gmail.com,worker
1052,Romona,Susannah,Romona.Susannah@yopmail.com,Romona.Susannah@gmail.com,developer
1053,Hildegaard,Dorine,Hildegaard.Dorine@yopmail.com,Hildegaard.Dorine@gmail.com,doctor
1054,Rosaline,Morgun,Rosaline.Morgun@yopmail.com,Rosaline.Morgun@gmail.com,doctor
1055,Oona,Eugenia,Oona.Eugenia@yopmail.com,Oona.Eugenia@gmail.com,doctor
1056,Leia,Narton,Leia.Narton@yopmail.com,Leia.Narton@gmail.com,developer
1057,Minda,Andrel,Minda.Andrel@yopmail.com,Minda.Andrel@gmail.com,police officer
1058,Fina,Daniele,Fina.Daniele@yopmail.com,Fina.Daniele@gmail.com,developer
1059,Sam,Peonir,Sam.Peonir@yopmail.com,Sam.Peonir@gmail.com,developer
1060,Kelly,Orpah,Kelly.Orpah@yopmail.com,Kelly.Orpah@gmail.com,developer
1061,Valli,Pernick,Valli.Pernick@yopmail.com,Valli.Pernick@gmail.com,firefighter
1062,Tina,Tayib,Tina.Tayib@yopmail.com,Tina.Tayib@gmail.com,doctor
1063,Bettine,Plato,Bettine.Plato@yopmail.com,Bettine.Plato@gmail.com,worker
1064,Noelle,Douglass,Noelle.Douglass@yopmail.com,Noelle.Douglass@gmail.com,doctor
1065,Mellicent,Odysseus,Mellicent.Odysseus@yopmail.com,Mellicent.Odysseus@gmail.com,firefighter
1066,Janenna,Fulmer,Janenna.Fulmer@yopmail.com,Janenna.Fulmer@gmail.com,worker
1067,Elbertina,Lynn,Elbertina.Lynn@yopmail.com,Elbertina.Lynn@gmail.com,developer
1068,Sonni,Manolo,Sonni.Manolo@yopmail.com,Sonni.Manolo@gmail.com,police officer
1069,Gisela,Delacourt,Gisela.Delacourt@yopmail.com,Gisela.Delacourt@gmail.com,police officer
1070,Dennie,Zetta,Dennie.Zetta@yopmail.com,Dennie.Zetta@gmail.com,police officer
1071,Marleah,Holbrook,Marleah.Holbrook@yopmail.com,Marleah.Holbrook@gmail.com,developer
1072,Phylis,Mitzi,Phylis.Mitzi@yopmail.com,Phylis.Mitzi@gmail.com,developer
1073,Hayley,Wolfgram,Hayley.Wolfgram@yopmail.com,Hayley.Wolfgram@gmail.com,doctor
1074,Dianemarie,Hazlett,Dianemarie.Hazlett@yopmail.com,Dianemarie.Hazlett@gmail.com,firefighter
1075,Nerta,Letsou,Nerta.Letsou@yopmail.com,Nerta.Letsou@gmail.com,doctor
1076,Gratia,Lilas,Gratia.Lilas@yopmail.com,Gratia.Lilas@gmail.com,doctor
1077,Angelique,Percy,Angelique.Percy@yopmail.com,Angelique.Percy@gmail.com,developer
1078,Rayna,Howlyn,Rayna.Howlyn@yopmail.com,Rayna.Howlyn@gmail.com,firefighter
1079,Linet,Lissi,Linet.Lissi@yopmail.com,Linet.Lissi@gmail.com,developer
1080,Penelopa,Wattenberg,Penelopa.Wattenberg@yopmail.com,Penelopa.Wattenberg@gmail.com,worker
1081,Tiffie,Lane,Tiffie.Lane@yopmail.com,Tiffie.Lane@gmail.com,worker
1082,Janeczka,Kelula,Janeczka.Kelula@yopmail.com,Janeczka.Kelula@gmail.com,firefighter
1083,Chloris,Sothena,Chloris.Sothena@yopmail.com,Chloris.Sothena@gmail.com,firefighter
1084,Esmeralda,Bow,Esmeralda.Bow@yopmail.com,Esmeralda.Bow@gmail.com,worker
1085,Adore,Peonir,Adore.Peonir@yopmail.com,Adore.Peonir@gmail.com,developer
1086,Blake,Prouty,Blake.Prouty@yopmail.com,Blake.Prouty@gmail.com,doctor
1087,Ericka,Yate,Ericka.Yate@yopmail.com,Ericka.Yate@gmail.com,worker
1088,Genevra,Nahum,Genevra.Nahum@yopmail.com,Genevra.Nahum@gmail.com,worker
1089,Wynne,Aloise,Wynne.Aloise@yopmail.com,Wynne.Aloise@gmail.com,firefighter
1090,Rani,Rolf,Rani.Rolf@yopmail.com,Rani.Rolf@gmail.com,worker
1091,Ingrid,Ahab,Ingrid.Ahab@yopmail.com,Ingrid.Ahab@gmail.com,firefighter
1092,Korrie,Lunsford,Korrie.Lunsford@yopmail.com,Korrie.Lunsford@gmail.com,worker
1093,Perry,McLaughlin,Perry.McLaughlin@yopmail.com,Perry.McLaughlin@gmail.com,developer
1094,Rozele,Virgin,Rozele.Virgin@yopmail.com,Rozele.Virgin@gmail.com,worker
1095,Ira,Anyah,Ira.Anyah@yopmail.com,Ira.Anyah@gmail.com,doctor
1096,Goldie,Susannah,Goldie.Susannah@yopmail.com,Goldie.Susannah@gmail.com,firefighter
1097,Berget,Edee,Berget.Edee@yopmail.com,Berget.Edee@gmail.com,developer
1098,Tobe,Dermott,Tobe.Dermott@yopmail.com,Tobe.Dermott@gmail.com,doctor
1099,Sadie,Tremayne,Sadie.Tremayne@yopmail.com,Sadie.Tremayne@gmail.com,developer